{
  "arrow-alt-down": {
    "changes": [
      "5.0.0",
      "5.10.1",
      "5.11.0",
      "5.11.1"
    ],
    "ligatures": [],
    "search": {
      "terms": [
        "download"
      ]
    },
    "styles": [
      "solid"
    ],
    "unicode": "f354",
    "label": "Alternate Arrow Down",
    "voted": false,
    "svg": {
      "solid": {
        "last_modified": 1628277666000,
        "raw": "<svg xmlns=\"http://www.w3.org/2000/svg\" viewBox=\"0 0 448 512\"><path d=\"M176 32h96c13.3 0 24 10.7 24 24v200h103.8c21.4 0 32.1 25.8 17 41L241 473c-9.4 9.4-24.6 9.4-34 0L31.3 297c-15.1-15.1-4.4-41 17-41H152V56c0-13.3 10.7-24 24-24z\"/></svg>",
        "viewBox": [
          "0",
          "0",
          "448",
          "512"
        ],
        "width": 448,
        "height": 512,
        "path": "M176 32h96c13.3 0 24 10.7 24 24v200h103.8c21.4 0 32.1 25.8 17 41L241 473c-9.4 9.4-24.6 9.4-34 0L31.3 297c-15.1-15.1-4.4-41 17-41H152V56c0-13.3 10.7-24 24-24z"
      }
    },
    "free": []
  },
  "arrow-alt-up": {
    "changes": [
      "5.0.0",
      "5.10.1",
      "5.11.0",
      "5.11.1"
    ],
    "ligatures": [],
    "search": {
      "terms": [
        "upload"
      ]
    },
    "styles": [
      "solid"
    ],
    "unicode": "f357",
    "label": "Alternate Arrow Up",
    "voted": false,
    "svg": {
      "solid": {
        "last_modified": 1628277666000,
        "raw": "<svg xmlns=\"http://www.w3.org/2000/svg\" viewBox=\"0 0 448 512\"><path d=\"M272 480h-96c-13.3 0-24-10.7-24-24V256H48.2c-21.4 0-32.1-25.8-17-41L207 39c9.4-9.4 24.6-9.4 34 0l175.8 176c15.1 15.1 4.4 41-17 41H296v200c0 13.3-10.7 24-24 24z\"/></svg>",
        "viewBox": [
          "0",
          "0",
          "448",
          "512"
        ],
        "width": 448,
        "height": 512,
        "path": "M272 480h-96c-13.3 0-24-10.7-24-24V256H48.2c-21.4 0-32.1-25.8-17-41L207 39c9.4-9.4 24.6-9.4 34 0l175.8 176c15.1 15.1 4.4 41-17 41H296v200c0 13.3-10.7 24-24 24z"
      }
    },
    "free": []
  },
  "check": {
    "changes": [
      "1",
      "5.0.0"
    ],
    "ligatures": [],
    "search": {
      "terms": [
        "accept",
        "agree",
        "checkmark",
        "confirm",
        "correct",
        "done",
        "notice",
        "notification",
        "notify",
        "ok",
        "select",
        "success",
        "tick",
        "todo",
        "yes"
      ]
    },
    "styles": [
      "solid"
    ],
    "unicode": "f00c",
    "label": "Check",
    "voted": false,
    "svg": {
      "solid": {
        "last_modified": 1628277666000,
        "raw": "<svg xmlns=\"http://www.w3.org/2000/svg\" viewBox=\"0 0 512 512\"><path d=\"M173.898 439.404l-166.4-166.4c-9.997-9.997-9.997-26.206 0-36.204l36.203-36.204c9.997-9.998 26.207-9.998 36.204 0L192 312.69 432.095 72.596c9.997-9.997 26.207-9.997 36.204 0l36.203 36.204c9.997 9.997 9.997 26.206 0 36.204l-294.4 294.401c-9.998 9.997-26.207 9.997-36.204-.001z\"/></svg>",
        "viewBox": [
          "0",
          "0",
          "512",
          "512"
        ],
        "width": 512,
        "height": 512,
        "path": "M173.898 439.404l-166.4-166.4c-9.997-9.997-9.997-26.206 0-36.204l36.203-36.204c9.997-9.998 26.207-9.998 36.204 0L192 312.69 432.095 72.596c9.997-9.997 26.207-9.997 36.204 0l36.203 36.204c9.997 9.997 9.997 26.206 0 36.204l-294.4 294.401c-9.998 9.997-26.207 9.997-36.204-.001z"
      }
    },
    "free": [
      "solid"
    ]
  },
  "circle": {
    "changes": [
      "3",
      "5.0.0",
      "5.10.1",
      "5.10.2"
    ],
    "ligatures": [],
    "search": {
      "terms": [
        "circle-thin",
        "diameter",
        "dot",
        "ellipse",
        "notification",
        "round"
      ]
    },
    "styles": [
      "solid"
    ],
    "unicode": "f111",
    "label": "Circle",
    "voted": false,
    "svg": {
      "solid": {
        "last_modified": 1628277666000,
        "raw": "<svg xmlns=\"http://www.w3.org/2000/svg\" viewBox=\"0 0 512 512\"><path d=\"M256 8C119 8 8 119 8 256s111 248 248 248 248-111 248-248S393 8 256 8z\"/></svg>",
        "viewBox": [
          "0",
          "0",
          "512",
          "512"
        ],
        "width": 512,
        "height": 512,
        "path": "M256 8C119 8 8 119 8 256s111 248 248 248 248-111 248-248S393 8 256 8z"
      }
    },
    "free": [
      "solid",
      "regular"
    ]
  },
  "clock": {
    "changes": [
      "1",
      "5.0.0",
      "5.12.1"
    ],
    "ligatures": [],
    "search": {
      "terms": [
        "date",
        "late",
        "schedule",
        "time",
        "timer",
        "timestamp",
        "watch"
      ]
    },
    "styles": [
      "solid"
    ],
    "unicode": "f017",
    "label": "Clock",
    "voted": false,
    "svg": {
      "solid": {
        "last_modified": 1628277666000,
        "raw": "<svg xmlns=\"http://www.w3.org/2000/svg\" viewBox=\"0 0 512 512\"><path d=\"M256,8C119,8,8,119,8,256S119,504,256,504,504,393,504,256,393,8,256,8Zm92.49,313h0l-20,25a16,16,0,0,1-22.49,2.5h0l-67-49.72a40,40,0,0,1-15-31.23V112a16,16,0,0,1,16-16h32a16,16,0,0,1,16,16V256l58,42.5A16,16,0,0,1,348.49,321Z\"/></svg>",
        "viewBox": [
          "0",
          "0",
          "512",
          "512"
        ],
        "width": 512,
        "height": 512,
        "path": "M256,8C119,8,8,119,8,256S119,504,256,504,504,393,504,256,393,8,256,8Zm92.49,313h0l-20,25a16,16,0,0,1-22.49,2.5h0l-67-49.72a40,40,0,0,1-15-31.23V112a16,16,0,0,1,16-16h32a16,16,0,0,1,16,16V256l58,42.5A16,16,0,0,1,348.49,321Z"
      }
    },
    "free": [
      "solid",
      "regular"
    ]
  },
  "clone": {
    "changes": [
      "4.4",
      "5.0.0",
      "5.11.0"
    ],
    "ligatures": [],
    "search": {
      "terms": [
        "arrange",
        "copy",
        "duplicate",
        "paste"
      ]
    },
    "styles": [
      "solid"
    ],
    "unicode": "f24d",
    "label": "Clone",
    "voted": false,
    "svg": {
      "solid": {
        "last_modified": 1628277666000,
        "raw": "<svg xmlns=\"http://www.w3.org/2000/svg\" viewBox=\"0 0 512 512\"><path d=\"M464 0c26.51 0 48 21.49 48 48v288c0 26.51-21.49 48-48 48H176c-26.51 0-48-21.49-48-48V48c0-26.51 21.49-48 48-48h288M176 416c-44.112 0-80-35.888-80-80V128H48c-26.51 0-48 21.49-48 48v288c0 26.51 21.49 48 48 48h288c26.51 0 48-21.49 48-48v-48H176z\"/></svg>",
        "viewBox": [
          "0",
          "0",
          "512",
          "512"
        ],
        "width": 512,
        "height": 512,
        "path": "M464 0c26.51 0 48 21.49 48 48v288c0 26.51-21.49 48-48 48H176c-26.51 0-48-21.49-48-48V48c0-26.51 21.49-48 48-48h288M176 416c-44.112 0-80-35.888-80-80V128H48c-26.51 0-48 21.49-48 48v288c0 26.51 21.49 48 48 48h288c26.51 0 48-21.49 48-48v-48H176z"
      }
    },
    "free": [
      "solid",
      "regular"
    ]
  },
  "cog": {
    "changes": [
      "1",
      "5.0.0"
    ],
    "ligatures": [],
    "search": {
      "terms": [
        "gear",
        "mechanical",
        "settings",
        "sprocket",
        "wheel"
      ]
    },
    "styles": [
      "solid"
    ],
    "unicode": "f013",
    "label": "cog",
    "voted": false,
    "svg": {
      "solid": {
        "last_modified": 1628277666000,
        "raw": "<svg xmlns=\"http://www.w3.org/2000/svg\" viewBox=\"0 0 512 512\"><path d=\"M487.4 315.7l-42.6-24.6c4.3-23.2 4.3-47 0-70.2l42.6-24.6c4.9-2.8 7.1-8.6 5.5-14-11.1-35.6-30-67.8-54.7-94.6-3.8-4.1-10-5.1-14.8-2.3L380.8 110c-17.9-15.4-38.5-27.3-60.8-35.1V25.8c0-5.6-3.9-10.5-9.4-11.7-36.7-8.2-74.3-7.8-109.2 0-5.5 1.2-9.4 6.1-9.4 11.7V75c-22.2 7.9-42.8 19.8-60.8 35.1L88.7 85.5c-4.9-2.8-11-1.9-14.8 2.3-24.7 26.7-43.6 58.9-54.7 94.6-1.7 5.4.6 11.2 5.5 14L67.3 221c-4.3 23.2-4.3 47 0 70.2l-42.6 24.6c-4.9 2.8-7.1 8.6-5.5 14 11.1 35.6 30 67.8 54.7 94.6 3.8 4.1 10 5.1 14.8 2.3l42.6-24.6c17.9 15.4 38.5 27.3 60.8 35.1v49.2c0 5.6 3.9 10.5 9.4 11.7 36.7 8.2 74.3 7.8 109.2 0 5.5-1.2 9.4-6.1 9.4-11.7v-49.2c22.2-7.9 42.8-19.8 60.8-35.1l42.6 24.6c4.9 2.8 11 1.9 14.8-2.3 24.7-26.7 43.6-58.9 54.7-94.6 1.5-5.5-.7-11.3-5.6-14.1zM256 336c-44.1 0-80-35.9-80-80s35.9-80 80-80 80 35.9 80 80-35.9 80-80 80z\"/></svg>",
        "viewBox": [
          "0",
          "0",
          "512",
          "512"
        ],
        "width": 512,
        "height": 512,
        "path": "M487.4 315.7l-42.6-24.6c4.3-23.2 4.3-47 0-70.2l42.6-24.6c4.9-2.8 7.1-8.6 5.5-14-11.1-35.6-30-67.8-54.7-94.6-3.8-4.1-10-5.1-14.8-2.3L380.8 110c-17.9-15.4-38.5-27.3-60.8-35.1V25.8c0-5.6-3.9-10.5-9.4-11.7-36.7-8.2-74.3-7.8-109.2 0-5.5 1.2-9.4 6.1-9.4 11.7V75c-22.2 7.9-42.8 19.8-60.8 35.1L88.7 85.5c-4.9-2.8-11-1.9-14.8 2.3-24.7 26.7-43.6 58.9-54.7 94.6-1.7 5.4.6 11.2 5.5 14L67.3 221c-4.3 23.2-4.3 47 0 70.2l-42.6 24.6c-4.9 2.8-7.1 8.6-5.5 14 11.1 35.6 30 67.8 54.7 94.6 3.8 4.1 10 5.1 14.8 2.3l42.6-24.6c17.9 15.4 38.5 27.3 60.8 35.1v49.2c0 5.6 3.9 10.5 9.4 11.7 36.7 8.2 74.3 7.8 109.2 0 5.5-1.2 9.4-6.1 9.4-11.7v-49.2c22.2-7.9 42.8-19.8 60.8-35.1l42.6 24.6c4.9 2.8 11 1.9 14.8-2.3 24.7-26.7 43.6-58.9 54.7-94.6 1.5-5.5-.7-11.3-5.6-14.1zM256 336c-44.1 0-80-35.9-80-80s35.9-80 80-80 80 35.9 80 80-35.9 80-80 80z"
      }
    },
    "free": [
      "solid"
    ]
  },
  "eject": {
    "changes": [
      "1",
      "5.0.0"
    ],
    "ligatures": [],
    "search": {
      "terms": [
        "abort",
        "cancel",
        "cd",
        "discharge"
      ]
    },
    "styles": [
      "solid"
    ],
    "unicode": "f052",
    "label": "eject",
    "voted": false,
    "svg": {
      "solid": {
        "last_modified": 1628277666000,
        "raw": "<svg xmlns=\"http://www.w3.org/2000/svg\" viewBox=\"0 0 448 512\"><path d=\"M448 384v64c0 17.673-14.327 32-32 32H32c-17.673 0-32-14.327-32-32v-64c0-17.673 14.327-32 32-32h384c17.673 0 32 14.327 32 32zM48.053 320h351.886c41.651 0 63.581-49.674 35.383-80.435L259.383 47.558c-19.014-20.743-51.751-20.744-70.767 0L12.67 239.565C-15.475 270.268 6.324 320 48.053 320z\"/></svg>",
        "viewBox": [
          "0",
          "0",
          "448",
          "512"
        ],
        "width": 448,
        "height": 512,
        "path": "M448 384v64c0 17.673-14.327 32-32 32H32c-17.673 0-32-14.327-32-32v-64c0-17.673 14.327-32 32-32h384c17.673 0 32 14.327 32 32zM48.053 320h351.886c41.651 0 63.581-49.674 35.383-80.435L259.383 47.558c-19.014-20.743-51.751-20.744-70.767 0L12.67 239.565C-15.475 270.268 6.324 320 48.053 320z"
      }
    },
    "free": [
      "solid"
    ]
  },
  "eye": {
    "changes": [
      "1",
      "5.0.0",
      "5.7.0"
    ],
    "ligatures": [],
    "search": {
      "terms": [
        "look",
        "optic",
        "see",
        "seen",
        "show",
        "sight",
        "views",
        "visible"
      ]
    },
    "styles": [
      "solid"
    ],
    "unicode": "f06e",
    "label": "Eye",
    "voted": false,
    "svg": {
      "solid": {
        "last_modified": 1628277666000,
        "raw": "<svg xmlns=\"http://www.w3.org/2000/svg\" viewBox=\"0 0 576 512\"><path d=\"M572.52 241.4C518.29 135.59 410.93 64 288 64S57.68 135.64 3.48 241.41a32.35 32.35 0 0 0 0 29.19C57.71 376.41 165.07 448 288 448s230.32-71.64 284.52-177.41a32.35 32.35 0 0 0 0-29.19zM288 400a144 144 0 1 1 144-144 143.93 143.93 0 0 1-144 144zm0-240a95.31 95.31 0 0 0-25.31 3.79 47.85 47.85 0 0 1-66.9 66.9A95.78 95.78 0 1 0 288 160z\"/></svg>",
        "viewBox": [
          "0",
          "0",
          "576",
          "512"
        ],
        "width": 576,
        "height": 512,
        "path": "M572.52 241.4C518.29 135.59 410.93 64 288 64S57.68 135.64 3.48 241.41a32.35 32.35 0 0 0 0 29.19C57.71 376.41 165.07 448 288 448s230.32-71.64 284.52-177.41a32.35 32.35 0 0 0 0-29.19zM288 400a144 144 0 1 1 144-144 143.93 143.93 0 0 1-144 144zm0-240a95.31 95.31 0 0 0-25.31 3.79 47.85 47.85 0 0 1-66.9 66.9A95.78 95.78 0 1 0 288 160z"
      }
    },
    "free": [
      "solid",
      "regular"
    ]
  },
  "eye-slash": {
    "changes": [
      "1",
      "5.0.0",
      "5.7.0"
    ],
    "ligatures": [],
    "search": {
      "terms": [
        "blind",
        "hide",
        "show",
        "toggle",
        "unseen",
        "views",
        "visible",
        "visiblity"
      ]
    },
    "styles": [
      "solid"
    ],
    "unicode": "f070",
    "label": "Eye Slash",
    "voted": false,
    "svg": {
      "solid": {
        "last_modified": 1628277666000,
        "raw": "<svg xmlns=\"http://www.w3.org/2000/svg\" viewBox=\"0 0 640 512\"><path d=\"M320 400c-75.85 0-137.25-58.71-142.9-133.11L72.2 185.82c-13.79 17.3-26.48 35.59-36.72 55.59a32.35 32.35 0 0 0 0 29.19C89.71 376.41 197.07 448 320 448c26.91 0 52.87-4 77.89-10.46L346 397.39a144.13 144.13 0 0 1-26 2.61zm313.82 58.1l-110.55-85.44a331.25 331.25 0 0 0 81.25-102.07 32.35 32.35 0 0 0 0-29.19C550.29 135.59 442.93 64 320 64a308.15 308.15 0 0 0-147.32 37.7L45.46 3.37A16 16 0 0 0 23 6.18L3.37 31.45A16 16 0 0 0 6.18 53.9l588.36 454.73a16 16 0 0 0 22.46-2.81l19.64-25.27a16 16 0 0 0-2.82-22.45zm-183.72-142l-39.3-30.38A94.75 94.75 0 0 0 416 256a94.76 94.76 0 0 0-121.31-92.21A47.65 47.65 0 0 1 304 192a46.64 46.64 0 0 1-1.54 10l-73.61-56.89A142.31 142.31 0 0 1 320 112a143.92 143.92 0 0 1 144 144c0 21.63-5.29 41.79-13.9 60.11z\"/></svg>",
        "viewBox": [
          "0",
          "0",
          "640",
          "512"
        ],
        "width": 640,
        "height": 512,
        "path": "M320 400c-75.85 0-137.25-58.71-142.9-133.11L72.2 185.82c-13.79 17.3-26.48 35.59-36.72 55.59a32.35 32.35 0 0 0 0 29.19C89.71 376.41 197.07 448 320 448c26.91 0 52.87-4 77.89-10.46L346 397.39a144.13 144.13 0 0 1-26 2.61zm313.82 58.1l-110.55-85.44a331.25 331.25 0 0 0 81.25-102.07 32.35 32.35 0 0 0 0-29.19C550.29 135.59 442.93 64 320 64a308.15 308.15 0 0 0-147.32 37.7L45.46 3.37A16 16 0 0 0 23 6.18L3.37 31.45A16 16 0 0 0 6.18 53.9l588.36 454.73a16 16 0 0 0 22.46-2.81l19.64-25.27a16 16 0 0 0-2.82-22.45zm-183.72-142l-39.3-30.38A94.75 94.75 0 0 0 416 256a94.76 94.76 0 0 0-121.31-92.21A47.65 47.65 0 0 1 304 192a46.64 46.64 0 0 1-1.54 10l-73.61-56.89A142.31 142.31 0 0 1 320 112a143.92 143.92 0 0 1 144 144c0 21.63-5.29 41.79-13.9 60.11z"
      }
    },
    "free": [
      "solid",
      "regular"
    ]
  },
  "folder-open": {
    "changes": [
      "1",
      "5.0.0"
    ],
    "ligatures": [],
    "search": {
      "terms": [
        "archive",
        "directory",
        "document",
        "empty",
        "file",
        "new"
      ]
    },
    "styles": [
      "solid"
    ],
    "unicode": "f07c",
    "label": "Folder Open",
    "voted": false,
    "svg": {
      "solid": {
        "last_modified": 1628277666000,
        "raw": "<svg xmlns=\"http://www.w3.org/2000/svg\" viewBox=\"0 0 576 512\"><path d=\"M572.694 292.093L500.27 416.248A63.997 63.997 0 0 1 444.989 448H45.025c-18.523 0-30.064-20.093-20.731-36.093l72.424-124.155A64 64 0 0 1 152 256h399.964c18.523 0 30.064 20.093 20.73 36.093zM152 224h328v-48c0-26.51-21.49-48-48-48H272l-64-64H48C21.49 64 0 85.49 0 112v278.046l69.077-118.418C86.214 242.25 117.989 224 152 224z\"/></svg>",
        "viewBox": [
          "0",
          "0",
          "576",
          "512"
        ],
        "width": 576,
        "height": 512,
        "path": "M572.694 292.093L500.27 416.248A63.997 63.997 0 0 1 444.989 448H45.025c-18.523 0-30.064-20.093-20.731-36.093l72.424-124.155A64 64 0 0 1 152 256h399.964c18.523 0 30.064 20.093 20.73 36.093zM152 224h328v-48c0-26.51-21.49-48-48-48H272l-64-64H48C21.49 64 0 85.49 0 112v278.046l69.077-118.418C86.214 242.25 117.989 224 152 224z"
      }
    },
    "free": [
      "solid",
      "regular"
    ]
  },
  "music": {
    "changes": [
      "1",
      "5.0.0",
      "5.2.0",
      "5.11.0"
    ],
    "ligatures": [],
    "search": {
      "terms": [
        "lyrics",
        "melody",
        "note",
        "sing",
        "sound"
      ]
    },
    "styles": [
      "solid"
    ],
    "unicode": "f001",
    "label": "Music",
    "voted": false,
    "svg": {
      "solid": {
        "last_modified": 1628277666000,
        "raw": "<svg xmlns=\"http://www.w3.org/2000/svg\" viewBox=\"0 0 512 512\"><path d=\"M470.38 1.51L150.41 96A32 32 0 0 0 128 126.51v261.41A139 139 0 0 0 96 384c-53 0-96 28.66-96 64s43 64 96 64 96-28.66 96-64V214.32l256-75v184.61a138.4 138.4 0 0 0-32-3.93c-53 0-96 28.66-96 64s43 64 96 64 96-28.65 96-64V32a32 32 0 0 0-41.62-30.49z\"/></svg>",
        "viewBox": [
          "0",
          "0",
          "512",
          "512"
        ],
        "width": 512,
        "height": 512,
        "path": "M470.38 1.51L150.41 96A32 32 0 0 0 128 126.51v261.41A139 139 0 0 0 96 384c-53 0-96 28.66-96 64s43 64 96 64 96-28.66 96-64V214.32l256-75v184.61a138.4 138.4 0 0 0-32-3.93c-53 0-96 28.66-96 64s43 64 96 64 96-28.65 96-64V32a32 32 0 0 0-41.62-30.49z"
      }
    },
    "free": [
      "solid"
    ]
  },
  "pause": {
    "changes": [
      "1",
      "5.0.0",
      "5.10.2"
    ],
    "ligatures": [],
    "search": {
      "terms": [
        "hold",
        "wait"
      ]
    },
    "styles": [
      "solid"
    ],
    "unicode": "f04c",
    "label": "pause",
    "voted": false,
    "svg": {
      "solid": {
        "last_modified": 1628277666000,
        "raw": "<svg xmlns=\"http://www.w3.org/2000/svg\" viewBox=\"0 0 448 512\"><path d=\"M144 479H48c-26.5 0-48-21.5-48-48V79c0-26.5 21.5-48 48-48h96c26.5 0 48 21.5 48 48v352c0 26.5-21.5 48-48 48zm304-48V79c0-26.5-21.5-48-48-48h-96c-26.5 0-48 21.5-48 48v352c0 26.5 21.5 48 48 48h96c26.5 0 48-21.5 48-48z\"/></svg>",
        "viewBox": [
          "0",
          "0",
          "448",
          "512"
        ],
        "width": 448,
        "height": 512,
        "path": "M144 479H48c-26.5 0-48-21.5-48-48V79c0-26.5 21.5-48 48-48h96c26.5 0 48 21.5 48 48v352c0 26.5-21.5 48-48 48zm304-48V79c0-26.5-21.5-48-48-48h-96c-26.5 0-48 21.5-48 48v352c0 26.5 21.5 48 48 48h96c26.5 0 48-21.5 48-48z"
      }
    },
    "free": [
      "solid"
    ]
  },
  "play": {
    "changes": [
      "1",
      "5.0.0",
      "5.10.2"
    ],
    "ligatures": [],
    "search": {
      "terms": [
        "audio",
        "music",
        "playing",
        "sound",
        "start",
        "video"
      ]
    },
    "styles": [
      "solid"
    ],
    "unicode": "f04b",
    "label": "play",
    "voted": false,
    "svg": {
      "solid": {
        "last_modified": 1628277666000,
        "raw": "<svg xmlns=\"http://www.w3.org/2000/svg\" viewBox=\"0 0 448 512\"><path d=\"M424.4 214.7L72.4 6.6C43.8-10.3 0 6.1 0 47.9V464c0 37.5 40.7 60.1 72.4 41.3l352-208c31.4-18.5 31.5-64.1 0-82.6z\"/></svg>",
        "viewBox": [
          "0",
          "0",
          "448",
          "512"
        ],
        "width": 448,
        "height": 512,
        "path": "M424.4 214.7L72.4 6.6C43.8-10.3 0 6.1 0 47.9V464c0 37.5 40.7 60.1 72.4 41.3l352-208c31.4-18.5 31.5-64.1 0-82.6z"
      }
    },
    "free": [
      "solid"
    ]
  },
  "plus": {
    "changes": [
      "1",
      "5.0.0",
      "5.0.13"
    ],
    "ligatures": [],
    "search": {
      "terms": [
        "add",
        "create",
        "expand",
        "new",
        "positive",
        "shape"
      ]
    },
    "styles": [
      "solid"
    ],
    "unicode": "f067",
    "label": "plus",
    "voted": false,
    "svg": {
      "solid": {
        "last_modified": 1628277666000,
        "raw": "<svg xmlns=\"http://www.w3.org/2000/svg\" viewBox=\"0 0 448 512\"><path d=\"M416 208H272V64c0-17.67-14.33-32-32-32h-32c-17.67 0-32 14.33-32 32v144H32c-17.67 0-32 14.33-32 32v32c0 17.67 14.33 32 32 32h144v144c0 17.67 14.33 32 32 32h32c17.67 0 32-14.33 32-32V304h144c17.67 0 32-14.33 32-32v-32c0-17.67-14.33-32-32-32z\"/></svg>",
        "viewBox": [
          "0",
          "0",
          "448",
          "512"
        ],
        "width": 448,
        "height": 512,
        "path": "M416 208H272V64c0-17.67-14.33-32-32-32h-32c-17.67 0-32 14.33-32 32v144H32c-17.67 0-32 14.33-32 32v32c0 17.67 14.33 32 32 32h144v144c0 17.67 14.33 32 32 32h32c17.67 0 32-14.33 32-32V304h144c17.67 0 32-14.33 32-32v-32c0-17.67-14.33-32-32-32z"
      }
    },
    "free": [
      "solid"
    ]
  },
  "redo": {
    "changes": [
      "1",
      "5.0.0",
      "5.8.0"
    ],
    "ligatures": [],
    "search": {
      "terms": [
        "forward",
        "refresh",
        "reload",
        "repeat"
      ]
    },
    "styles": [
      "solid"
    ],
    "unicode": "f01e",
    "label": "Redo",
    "voted": false,
    "svg": {
      "solid": {
        "last_modified": 1628277666000,
        "raw": "<svg xmlns=\"http://www.w3.org/2000/svg\" viewBox=\"0 0 512 512\"><path d=\"M500.33 0h-47.41a12 12 0 0 0-12 12.57l4 82.76A247.42 247.42 0 0 0 256 8C119.34 8 7.9 119.53 8 256.19 8.1 393.07 119.1 504 256 504a247.1 247.1 0 0 0 166.18-63.91 12 12 0 0 0 .48-17.43l-34-34a12 12 0 0 0-16.38-.55A176 176 0 1 1 402.1 157.8l-101.53-4.87a12 12 0 0 0-12.57 12v47.41a12 12 0 0 0 12 12h200.33a12 12 0 0 0 12-12V12a12 12 0 0 0-12-12z\"/></svg>",
        "viewBox": [
          "0",
          "0",
          "512",
          "512"
        ],
        "width": 512,
        "height": 512,
        "path": "M500.33 0h-47.41a12 12 0 0 0-12 12.57l4 82.76A247.42 247.42 0 0 0 256 8C119.34 8 7.9 119.53 8 256.19 8.1 393.07 119.1 504 256 504a247.1 247.1 0 0 0 166.18-63.91 12 12 0 0 0 .48-17.43l-34-34a12 12 0 0 0-16.38-.55A176 176 0 1 1 402.1 157.8l-101.53-4.87a12 12 0 0 0-12.57 12v47.41a12 12 0 0 0 12 12h200.33a12 12 0 0 0 12-12V12a12 12 0 0 0-12-12z"
      }
    },
    "free": [
      "solid"
    ]
  },
  "save": {
    "changes": [
      "2",
      "5.0.0",
      "5.10.2"
    ],
    "ligatures": [],
    "search": {
      "terms": [
        "disk",
        "download",
        "floppy",
        "floppy-o"
      ]
    },
    "styles": [
      "solid"
    ],
    "unicode": "f0c7",
    "label": "Save",
    "voted": false,
    "svg": {
      "solid": {
        "last_modified": 1628277666000,
        "raw": "<svg xmlns=\"http://www.w3.org/2000/svg\" viewBox=\"0 0 448 512\"><path d=\"M433.941 129.941l-83.882-83.882A48 48 0 0 0 316.118 32H48C21.49 32 0 53.49 0 80v352c0 26.51 21.49 48 48 48h352c26.51 0 48-21.49 48-48V163.882a48 48 0 0 0-14.059-33.941zM224 416c-35.346 0-64-28.654-64-64 0-35.346 28.654-64 64-64s64 28.654 64 64c0 35.346-28.654 64-64 64zm96-304.52V212c0 6.627-5.373 12-12 12H76c-6.627 0-12-5.373-12-12V108c0-6.627 5.373-12 12-12h228.52c3.183 0 6.235 1.264 8.485 3.515l3.48 3.48A11.996 11.996 0 0 1 320 111.48z\"/></svg>",
        "viewBox": [
          "0",
          "0",
          "448",
          "512"
        ],
        "width": 448,
        "height": 512,
        "path": "M433.941 129.941l-83.882-83.882A48 48 0 0 0 316.118 32H48C21.49 32 0 53.49 0 80v352c0 26.51 21.49 48 48 48h352c26.51 0 48-21.49 48-48V163.882a48 48 0 0 0-14.059-33.941zM224 416c-35.346 0-64-28.654-64-64 0-35.346 28.654-64 64-64s64 28.654 64 64c0 35.346-28.654 64-64 64zm96-304.52V212c0 6.627-5.373 12-12 12H76c-6.627 0-12-5.373-12-12V108c0-6.627 5.373-12 12-12h228.52c3.183 0 6.235 1.264 8.485 3.515l3.48 3.48A11.996 11.996 0 0 1 320 111.48z"
      }
    },
    "free": [
      "solid",
      "regular"
    ]
  },
  "sliders-h": {
    "changes": [
      "4.1",
      "5.0.0",
      "5.0.11"
    ],
    "ligatures": [],
    "search": {
      "terms": [
        "adjust",
        "settings",
        "sliders",
        "toggle"
      ]
    },
    "styles": [
      "solid"
    ],
    "unicode": "f1de",
    "label": "Horizontal Sliders",
    "voted": false,
    "svg": {
      "solid": {
        "last_modified": 1628277666000,
        "raw": "<svg xmlns=\"http://www.w3.org/2000/svg\" viewBox=\"0 0 512 512\"><path d=\"M496 384H160v-16c0-8.8-7.2-16-16-16h-32c-8.8 0-16 7.2-16 16v16H16c-8.8 0-16 7.2-16 16v32c0 8.8 7.2 16 16 16h80v16c0 8.8 7.2 16 16 16h32c8.8 0 16-7.2 16-16v-16h336c8.8 0 16-7.2 16-16v-32c0-8.8-7.2-16-16-16zm0-160h-80v-16c0-8.8-7.2-16-16-16h-32c-8.8 0-16 7.2-16 16v16H16c-8.8 0-16 7.2-16 16v32c0 8.8 7.2 16 16 16h336v16c0 8.8 7.2 16 16 16h32c8.8 0 16-7.2 16-16v-16h80c8.8 0 16-7.2 16-16v-32c0-8.8-7.2-16-16-16zm0-160H288V48c0-8.8-7.2-16-16-16h-32c-8.8 0-16 7.2-16 16v16H16C7.2 64 0 71.2 0 80v32c0 8.8 7.2 16 16 16h208v16c0 8.8 7.2 16 16 16h32c8.8 0 16-7.2 16-16v-16h208c8.8 0 16-7.2 16-16V80c0-8.8-7.2-16-16-16z\"/></svg>",
        "viewBox": [
          "0",
          "0",
          "512",
          "512"
        ],
        "width": 512,
        "height": 512,
        "path": "M496 384H160v-16c0-8.8-7.2-16-16-16h-32c-8.8 0-16 7.2-16 16v16H16c-8.8 0-16 7.2-16 16v32c0 8.8 7.2 16 16 16h80v16c0 8.8 7.2 16 16 16h32c8.8 0 16-7.2 16-16v-16h336c8.8 0 16-7.2 16-16v-32c0-8.8-7.2-16-16-16zm0-160h-80v-16c0-8.8-7.2-16-16-16h-32c-8.8 0-16 7.2-16 16v16H16c-8.8 0-16 7.2-16 16v32c0 8.8 7.2 16 16 16h336v16c0 8.8 7.2 16 16 16h32c8.8 0 16-7.2 16-16v-16h80c8.8 0 16-7.2 16-16v-32c0-8.8-7.2-16-16-16zm0-160H288V48c0-8.8-7.2-16-16-16h-32c-8.8 0-16 7.2-16 16v16H16C7.2 64 0 71.2 0 80v32c0 8.8 7.2 16 16 16h208v16c0 8.8 7.2 16 16 16h32c8.8 0 16-7.2 16-16v-16h208c8.8 0 16-7.2 16-16V80c0-8.8-7.2-16-16-16z"
      }
    },
    "free": [
      "solid"
    ]
  },
  "stop": {
    "changes": [
      "1",
      "5.0.0",
      "5.10.2"
    ],
    "ligatures": [],
    "search": {
      "terms": [
        "block",
        "box",
        "square"
      ]
    },
    "styles": [
      "solid"
    ],
    "unicode": "f04d",
    "label": "stop",
    "voted": false,
    "svg": {
      "solid": {
        "last_modified": 1628277666000,
        "raw": "<svg xmlns=\"http://www.w3.org/2000/svg\" viewBox=\"0 0 448 512\"><path d=\"M400 32H48C21.5 32 0 53.5 0 80v352c0 26.5 21.5 48 48 48h352c26.5 0 48-21.5 48-48V80c0-26.5-21.5-48-48-48z\"/></svg>",
        "viewBox": [
          "0",
          "0",
          "448",
          "512"
        ],
        "width": 448,
        "height": 512,
        "path": "M400 32H48C21.5 32 0 53.5 0 80v352c0 26.5 21.5 48 48 48h352c26.5 0 48-21.5 48-48V80c0-26.5-21.5-48-48-48z"
      }
    },
    "free": [
      "solid"
    ]
  },
  "text": {
    "changes": [
      "5.9.0",
      "5.10.1",
      "5.10.2"
    ],
    "ligatures": [],
    "search": {
      "terms": [
        "font",
        "format",
        "letter",
        "style",
        "typography"
      ]
    },
    "styles": [
      "solid"
    ],
    "unicode": "f893",
    "label": "Text",
    "voted": false,
    "svg": {
      "solid": {
        "last_modified": 1628277666000,
        "raw": "<svg xmlns=\"http://www.w3.org/2000/svg\" viewBox=\"0 0 448 512\"><path d=\"M432 32a16 16 0 0 1 16 16v96a16 16 0 0 1-16 16h-32a16 16 0 0 1-16-16v-32H264v304h40a16 16 0 0 1 16 16v32a16 16 0 0 1-16 16H144a16 16 0 0 1-16-16v-32a16 16 0 0 1 16-16h40V112H64v32a16 16 0 0 1-16 16H16a16 16 0 0 1-16-16V48a16 16 0 0 1 16-16z\"/></svg>",
        "viewBox": [
          "0",
          "0",
          "448",
          "512"
        ],
        "width": 448,
        "height": 512,
        "path": "M432 32a16 16 0 0 1 16 16v96a16 16 0 0 1-16 16h-32a16 16 0 0 1-16-16v-32H264v304h40a16 16 0 0 1 16 16v32a16 16 0 0 1-16 16H144a16 16 0 0 1-16-16v-32a16 16 0 0 1 16-16h40V112H64v32a16 16 0 0 1-16 16H16a16 16 0 0 1-16-16V48a16 16 0 0 1 16-16z"
      }
    },
    "free": []
  },
  "times": {
    "changes": [
      "1",
      "5.0.0",
      "5.0.13",
      "5.11.0",
      "5.11.1"
    ],
    "ligatures": [],
    "search": {
      "terms": [
        "close",
        "cross",
        "error",
        "exit",
        "incorrect",
        "notice",
        "notification",
        "notify",
        "problem",
        "wrong",
        "x"
      ]
    },
    "styles": [
      "solid"
    ],
    "unicode": "f00d",
    "label": "Times",
    "voted": false,
    "svg": {
      "solid": {
        "last_modified": 1628277666000,
        "raw": "<svg xmlns=\"http://www.w3.org/2000/svg\" viewBox=\"0 0 352 512\"><path d=\"M242.72 256l100.07-100.07c12.28-12.28 12.28-32.19 0-44.48l-22.24-22.24c-12.28-12.28-32.19-12.28-44.48 0L176 189.28 75.93 89.21c-12.28-12.28-32.19-12.28-44.48 0L9.21 111.45c-12.28 12.28-12.28 32.19 0 44.48L109.28 256 9.21 356.07c-12.28 12.28-12.28 32.19 0 44.48l22.24 22.24c12.28 12.28 32.2 12.28 44.48 0L176 322.72l100.07 100.07c12.28 12.28 32.2 12.28 44.48 0l22.24-22.24c12.28-12.28 12.28-32.19 0-44.48L242.72 256z\"/></svg>",
        "viewBox": [
          "0",
          "0",
          "352",
          "512"
        ],
        "width": 352,
        "height": 512,
        "path": "M242.72 256l100.07-100.07c12.28-12.28 12.28-32.19 0-44.48l-22.24-22.24c-12.28-12.28-32.19-12.28-44.48 0L176 189.28 75.93 89.21c-12.28-12.28-32.19-12.28-44.48 0L9.21 111.45c-12.28 12.28-12.28 32.19 0 44.48L109.28 256 9.21 356.07c-12.28 12.28-12.28 32.19 0 44.48l22.24 22.24c12.28 12.28 32.2 12.28 44.48 0L176 322.72l100.07 100.07c12.28 12.28 32.2 12.28 44.48 0l22.24-22.24c12.28-12.28 12.28-32.19 0-44.48L242.72 256z"
      }
    },
    "free": [
      "solid"
    ]
  },
  "trash-alt": {
    "changes": [
      "5.0.0",
      "5.7.0",
      "5.10.2"
    ],
    "ligatures": [],
    "search": {
      "terms": [
        "delete",
        "garbage",
        "hide",
        "remove",
        "trash-o"
      ]
    },
    "styles": [
      "solid"
    ],
    "unicode": "f2ed",
    "label": "Alternate Trash",
    "voted": false,
    "svg": {
      "solid": {
        "last_modified": 1628277666000,
        "raw": "<svg xmlns=\"http://www.w3.org/2000/svg\" viewBox=\"0 0 448 512\"><path d=\"M32 464a48 48 0 0 0 48 48h288a48 48 0 0 0 48-48V128H32zm272-256a16 16 0 0 1 32 0v224a16 16 0 0 1-32 0zm-96 0a16 16 0 0 1 32 0v224a16 16 0 0 1-32 0zm-96 0a16 16 0 0 1 32 0v224a16 16 0 0 1-32 0zM432 32H312l-9.4-18.7A24 24 0 0 0 281.1 0H166.8a23.72 23.72 0 0 0-21.4 13.3L136 32H16A16 16 0 0 0 0 48v32a16 16 0 0 0 16 16h416a16 16 0 0 0 16-16V48a16 16 0 0 0-16-16z\"/></svg>",
        "viewBox": [
          "0",
          "0",
          "448",
          "512"
        ],
        "width": 448,
        "height": 512,
        "path": "M32 464a48 48 0 0 0 48 48h288a48 48 0 0 0 48-48V128H32zm272-256a16 16 0 0 1 32 0v224a16 16 0 0 1-32 0zm-96 0a16 16 0 0 1 32 0v224a16 16 0 0 1-32 0zm-96 0a16 16 0 0 1 32 0v224a16 16 0 0 1-32 0zM432 32H312l-9.4-18.7A24 24 0 0 0 281.1 0H166.8a23.72 23.72 0 0 0-21.4 13.3L136 32H16A16 16 0 0 0 0 48v32a16 16 0 0 0 16 16h416a16 16 0 0 0 16-16V48a16 16 0 0 0-16-16z"
      }
    },
    "free": [
      "solid",
      "regular"
    ]
  },
  "video": {
    "changes": [
      "1",
      "5.0.0",
      "5.0.9"
    ],
    "ligatures": [],
    "search": {
      "terms": [
        "camera",
        "film",
        "movie",
        "record",
        "video-camera"
      ]
    },
    "styles": [
      "solid"
    ],
    "unicode": "f03d",
    "label": "Video",
    "voted": false,
    "svg": {
      "solid": {
        "last_modified": 1628277666000,
        "raw": "<svg xmlns=\"http://www.w3.org/2000/svg\" viewBox=\"0 0 576 512\"><path d=\"M336.2 64H47.8C21.4 64 0 85.4 0 111.8v288.4C0 426.6 21.4 448 47.8 448h288.4c26.4 0 47.8-21.4 47.8-47.8V111.8c0-26.4-21.4-47.8-47.8-47.8zm189.4 37.7L416 177.3v157.4l109.6 75.5c21.2 14.6 50.4-.3 50.4-25.8V127.5c0-25.4-29.1-40.4-50.4-25.8z\"/></svg>",
        "viewBox": [
          "0",
          "0",
          "576",
          "512"
        ],
        "width": 576,
        "height": 512,
        "path": "M336.2 64H47.8C21.4 64 0 85.4 0 111.8v288.4C0 426.6 21.4 448 47.8 448h288.4c26.4 0 47.8-21.4 47.8-47.8V111.8c0-26.4-21.4-47.8-47.8-47.8zm189.4 37.7L416 177.3v157.4l109.6 75.5c21.2 14.6 50.4-.3 50.4-25.8V127.5c0-25.4-29.1-40.4-50.4-25.8z"
      }
    },
    "free": [
      "solid"
    ]
  },
  "volume": {
    "changes": [
      "5.3.0"
    ],
    "ligatures": [],
    "search": {
      "terms": [
        "audio",
        "control",
        "music",
        "sound",
        "speaker"
      ]
    },
    "styles": [
      "solid"
    ],
    "unicode": "f6a8",
    "label": "Volume",
    "voted": false,
    "svg": {
      "solid": {
        "last_modified": 1628277666000,
        "raw": "<svg xmlns=\"http://www.w3.org/2000/svg\" viewBox=\"0 0 480 512\"><path d=\"M215.03 71.05L126.06 160H24c-13.26 0-24 10.74-24 24v144c0 13.25 10.74 24 24 24h102.06l88.97 88.95c15.03 15.03 40.97 4.47 40.97-16.97V88.02c0-21.46-25.96-31.98-40.97-16.97zM480 256c0-63.53-32.06-121.94-85.77-156.24-11.19-7.14-26.03-3.82-33.12 7.46s-3.78 26.21 7.41 33.36C408.27 165.97 432 209.11 432 256s-23.73 90.03-63.48 115.42c-11.19 7.14-14.5 22.07-7.41 33.36 6.51 10.36 21.12 15.14 33.12 7.46C447.94 377.94 480 319.53 480 256zm-141.77-76.87c-11.58-6.33-26.19-2.16-32.61 9.45-6.39 11.61-2.16 26.2 9.45 32.61C327.98 228.28 336 241.63 336 256c0 14.38-8.02 27.72-20.92 34.81-11.61 6.41-15.84 21-9.45 32.61 6.43 11.66 21.05 15.8 32.61 9.45 28.23-15.55 45.77-45 45.77-76.88s-17.54-61.32-45.78-76.86z\"/></svg>",
        "viewBox": [
          "0",
          "0",
          "480",
          "512"
        ],
        "width": 480,
        "height": 512,
        "path": "M215.03 71.05L126.06 160H24c-13.26 0-24 10.74-24 24v144c0 13.25 10.74 24 24 24h102.06l88.97 88.95c15.03 15.03 40.97 4.47 40.97-16.97V88.02c0-21.46-25.96-31.98-40.97-16.97zM480 256c0-63.53-32.06-121.94-85.77-156.24-11.19-7.14-26.03-3.82-33.12 7.46s-3.78 26.21 7.41 33.36C408.27 165.97 432 209.11 432 256s-23.73 90.03-63.48 115.42c-11.19 7.14-14.5 22.07-7.41 33.36 6.51 10.36 21.12 15.14 33.12 7.46C447.94 377.94 480 319.53 480 256zm-141.77-76.87c-11.58-6.33-26.19-2.16-32.61 9.45-6.39 11.61-2.16 26.2 9.45 32.61C327.98 228.28 336 241.63 336 256c0 14.38-8.02 27.72-20.92 34.81-11.61 6.41-15.84 21-9.45 32.61 6.43 11.66 21.05 15.8 32.61 9.45 28.23-15.55 45.77-45 45.77-76.88s-17.54-61.32-45.78-76.86z"
      }
    },
    "free": []
  },
  "volume-down": {
    "changes": [
      "1",
      "5.0.0",
      "5.3.0"
    ],
    "ligatures": [],
    "search": {
      "terms": [
        "audio",
        "lower",
        "music",
        "quieter",
        "sound",
        "speaker"
      ]
    },
    "styles": [
      "solid"
    ],
    "unicode": "f027",
    "label": "Volume Down",
    "voted": false,
    "svg": {
      "solid": {
        "last_modified": 1628277666000,
        "raw": "<svg xmlns=\"http://www.w3.org/2000/svg\" viewBox=\"0 0 384 512\"><path d=\"M215.03 72.04L126.06 161H24c-13.26 0-24 10.74-24 24v144c0 13.25 10.74 24 24 24h102.06l88.97 88.95c15.03 15.03 40.97 4.47 40.97-16.97V89.02c0-21.47-25.96-31.98-40.97-16.98zm123.2 108.08c-11.58-6.33-26.19-2.16-32.61 9.45-6.39 11.61-2.16 26.2 9.45 32.61C327.98 229.28 336 242.62 336 257c0 14.38-8.02 27.72-20.92 34.81-11.61 6.41-15.84 21-9.45 32.61 6.43 11.66 21.05 15.8 32.61 9.45 28.23-15.55 45.77-45 45.77-76.88s-17.54-61.32-45.78-76.87z\"/></svg>",
        "viewBox": [
          "0",
          "0",
          "384",
          "512"
        ],
        "width": 384,
        "height": 512,
        "path": "M215.03 72.04L126.06 161H24c-13.26 0-24 10.74-24 24v144c0 13.25 10.74 24 24 24h102.06l88.97 88.95c15.03 15.03 40.97 4.47 40.97-16.97V89.02c0-21.47-25.96-31.98-40.97-16.98zm123.2 108.08c-11.58-6.33-26.19-2.16-32.61 9.45-6.39 11.61-2.16 26.2 9.45 32.61C327.98 229.28 336 242.62 336 257c0 14.38-8.02 27.72-20.92 34.81-11.61 6.41-15.84 21-9.45 32.61 6.43 11.66 21.05 15.8 32.61 9.45 28.23-15.55 45.77-45 45.77-76.88s-17.54-61.32-45.78-76.87z"
      }
    },
    "free": [
      "solid"
    ]
  },
  "volume-mute": {
    "changes": [
      "5.3.0"
    ],
    "ligatures": [],
    "search": {
      "terms": [
        "audio",
        "music",
        "quiet",
        "sound",
        "speaker"
      ]
    },
    "styles": [
      "solid"
    ],
    "unicode": "f6a9",
    "label": "Volume Mute",
    "voted": true,
    "svg": {
      "solid": {
        "last_modified": 1628277666000,
        "raw": "<svg xmlns=\"http://www.w3.org/2000/svg\" viewBox=\"0 0 512 512\"><path d=\"M215.03 71.05L126.06 160H24c-13.26 0-24 10.74-24 24v144c0 13.25 10.74 24 24 24h102.06l88.97 88.95c15.03 15.03 40.97 4.47 40.97-16.97V88.02c0-21.46-25.96-31.98-40.97-16.97zM461.64 256l45.64-45.64c6.3-6.3 6.3-16.52 0-22.82l-22.82-22.82c-6.3-6.3-16.52-6.3-22.82 0L416 210.36l-45.64-45.64c-6.3-6.3-16.52-6.3-22.82 0l-22.82 22.82c-6.3 6.3-6.3 16.52 0 22.82L370.36 256l-45.63 45.63c-6.3 6.3-6.3 16.52 0 22.82l22.82 22.82c6.3 6.3 16.52 6.3 22.82 0L416 301.64l45.64 45.64c6.3 6.3 16.52 6.3 22.82 0l22.82-22.82c6.3-6.3 6.3-16.52 0-22.82L461.64 256z\"/></svg>",
        "viewBox": [
          "0",
          "0",
          "512",
          "512"
        ],
        "width": 512,
        "height": 512,
        "path": "M215.03 71.05L126.06 160H24c-13.26 0-24 10.74-24 24v144c0 13.25 10.74 24 24 24h102.06l88.97 88.95c15.03 15.03 40.97 4.47 40.97-16.97V88.02c0-21.46-25.96-31.98-40.97-16.97zM461.64 256l45.64-45.64c6.3-6.3 6.3-16.52 0-22.82l-22.82-22.82c-6.3-6.3-16.52-6.3-22.82 0L416 210.36l-45.64-45.64c-6.3-6.3-16.52-6.3-22.82 0l-22.82 22.82c-6.3 6.3-6.3 16.52 0 22.82L370.36 256l-45.63 45.63c-6.3 6.3-6.3 16.52 0 22.82l22.82 22.82c6.3 6.3 16.52 6.3 22.82 0L416 301.64l45.64 45.64c6.3 6.3 16.52 6.3 22.82 0l22.82-22.82c6.3-6.3 6.3-16.52 0-22.82L461.64 256z"
      }
    },
    "free": [
      "solid"
    ]
  }
}