{
  "arrow-alt-down": {
    "changes": [
      "5.0.0",
      "5.10.1",
      "5.11.0",
      "5.11.1"
    ],
    "ligatures": [],
    "search": {
      "terms": [
        "download"
      ]
    },
    "styles": [
      "solid"
    ],
    "unicode": "f354",
    "label": "Alternate Arrow Down",
    "voted": false,
    "svg": {
      "solid": {
        "last_modified": 1628277666000,
        "raw": "<svg xmlns=\"http://www.w3.org/2000/svg\" viewBox=\"0 0 448 512\"><path d=\"M176 32h96c13.3 0 24 10.7 24 24v200h103.8c21.4 0 32.1 25.8 17 41L241 473c-9.4 9.4-24.6 9.4-34 0L31.3 297c-15.1-15.1-4.4-41 17-41H152V56c0-13.3 10.7-24 24-24z\"/></svg>",
        "viewBox": [
          "0",
          "0",
          "448",
          "512"
        ],
        "width": 448,
        "height": 512,
        "path": "M176 32h96c13.3 0 24 10.7 24 24v200h103.8c21.4 0 32.1 25.8 17 41L241 473c-9.4 9.4-24.6 9.4-34 0L31.3 297c-15.1-15.1-4.4-41 17-41H152V56c0-13.3 10.7-24 24-24z"
      }
    },
    "free": []
  },
  "arrow-alt-from-left": {
    "changes": [
      "5.0.0"
    ],
    "ligatures": [],
    "search": {
      "terms": [
        "back",
        "previous"
      ]
    },
    "styles": [
      "solid"
    ],
    "unicode": "f347",
    "label": "Alternate Arrow from Left",
    "voted": false,
    "svg": {
      "solid": {
        "last_modified": 1628277666000,
        "raw": "<svg xmlns=\"http://www.w3.org/2000/svg\" viewBox=\"0 0 448 512\"><path d=\"M0 424V88c0-13.3 10.7-24 24-24h24c13.3 0 24 10.7 24 24v336c0 13.3-10.7 24-24 24H24c-13.3 0-24-10.7-24-24zm120-104h136v87.7c0 17.8 21.5 26.7 34.1 14.1l152.2-152.2c7.5-7.5 7.5-19.8 0-27.3L290.1 90.1c-12.6-12.6-34.1-3.7-34.1 14.1V192H120c-13.3 0-24 10.7-24 24v80c0 13.3 10.7 24 24 24z\"/></svg>",
        "viewBox": [
          "0",
          "0",
          "448",
          "512"
        ],
        "width": 448,
        "height": 512,
        "path": "M0 424V88c0-13.3 10.7-24 24-24h24c13.3 0 24 10.7 24 24v336c0 13.3-10.7 24-24 24H24c-13.3 0-24-10.7-24-24zm120-104h136v87.7c0 17.8 21.5 26.7 34.1 14.1l152.2-152.2c7.5-7.5 7.5-19.8 0-27.3L290.1 90.1c-12.6-12.6-34.1-3.7-34.1 14.1V192H120c-13.3 0-24 10.7-24 24v80c0 13.3 10.7 24 24 24z"
      }
    },
    "free": []
  },
  "arrow-alt-from-right": {
    "changes": [
      "5.0.0"
    ],
    "ligatures": [],
    "search": {
      "terms": [
        "forward",
        "next"
      ]
    },
    "styles": [
      "solid"
    ],
    "unicode": "f348",
    "label": "Alternate Arrow from Right",
    "voted": false,
    "svg": {
      "solid": {
        "last_modified": 1628277666000,
        "raw": "<svg xmlns=\"http://www.w3.org/2000/svg\" viewBox=\"0 0 448 512\"><path d=\"M448 88v336c0 13.3-10.7 24-24 24h-24c-13.3 0-24-10.7-24-24V88c0-13.3 10.7-24 24-24h24c13.3 0 24 10.7 24 24zM328 192H192v-87.7c0-17.8-21.5-26.7-34.1-14.1L5.7 242.3c-7.5 7.5-7.5 19.8 0 27.3l152.2 152.2c12.6 12.6 34.1 3.7 34.1-14.1V320h136c13.3 0 24-10.7 24-24v-80c0-13.3-10.7-24-24-24z\"/></svg>",
        "viewBox": [
          "0",
          "0",
          "448",
          "512"
        ],
        "width": 448,
        "height": 512,
        "path": "M448 88v336c0 13.3-10.7 24-24 24h-24c-13.3 0-24-10.7-24-24V88c0-13.3 10.7-24 24-24h24c13.3 0 24 10.7 24 24zM328 192H192v-87.7c0-17.8-21.5-26.7-34.1-14.1L5.7 242.3c-7.5 7.5-7.5 19.8 0 27.3l152.2 152.2c12.6 12.6 34.1 3.7 34.1-14.1V320h136c13.3 0 24-10.7 24-24v-80c0-13.3-10.7-24-24-24z"
      }
    },
    "free": []
  },
  "arrow-alt-left": {
    "changes": [
      "5.0.0"
    ],
    "ligatures": [],
    "search": {
      "terms": [
        "back",
        "previous"
      ]
    },
    "styles": [
      "solid"
    ],
    "unicode": "f355",
    "label": "Alternate Arrow Left",
    "voted": false,
    "svg": {
      "solid": {
        "last_modified": 1628277666000,
        "raw": "<svg xmlns=\"http://www.w3.org/2000/svg\" viewBox=\"0 0 448 512\"><path d=\"M448 208v96c0 13.3-10.7 24-24 24H224v103.8c0 21.4-25.8 32.1-41 17L7 273c-9.4-9.4-9.4-24.6 0-34L183 63.3c15.1-15.1 41-4.4 41 17V184h200c13.3 0 24 10.7 24 24z\"/></svg>",
        "viewBox": [
          "0",
          "0",
          "448",
          "512"
        ],
        "width": 448,
        "height": 512,
        "path": "M448 208v96c0 13.3-10.7 24-24 24H224v103.8c0 21.4-25.8 32.1-41 17L7 273c-9.4-9.4-9.4-24.6 0-34L183 63.3c15.1-15.1 41-4.4 41 17V184h200c13.3 0 24 10.7 24 24z"
      }
    },
    "free": []
  },
  "arrow-alt-right": {
    "changes": [
      "5.0.0",
      "5.8.0"
    ],
    "ligatures": [],
    "search": {
      "terms": [
        "forward",
        "next"
      ]
    },
    "styles": [
      "solid"
    ],
    "unicode": "f356",
    "label": "Alternate Arrow Right",
    "voted": false,
    "svg": {
      "solid": {
        "last_modified": 1628277666000,
        "raw": "<svg xmlns=\"http://www.w3.org/2000/svg\" viewBox=\"0 0 448 512\"><path d=\"M0 304v-96c0-13.3 10.7-24 24-24h200V80.2c0-21.4 25.8-32.1 41-17L441 239c9.4 9.4 9.4 24.6 0 34L265 448.7c-15.1 15.1-41 4.4-41-17V328H24c-13.3 0-24-10.7-24-24z\"/></svg>",
        "viewBox": [
          "0",
          "0",
          "448",
          "512"
        ],
        "width": 448,
        "height": 512,
        "path": "M0 304v-96c0-13.3 10.7-24 24-24h200V80.2c0-21.4 25.8-32.1 41-17L441 239c9.4 9.4 9.4 24.6 0 34L265 448.7c-15.1 15.1-41 4.4-41-17V328H24c-13.3 0-24-10.7-24-24z"
      }
    },
    "free": []
  },
  "arrow-alt-to-bottom": {
    "changes": [
      "5.0.0"
    ],
    "ligatures": [],
    "search": {
      "terms": [
        "download"
      ]
    },
    "styles": [
      "solid"
    ],
    "unicode": "f34a",
    "label": "Alternate Arrow to Bottom",
    "voted": false,
    "svg": {
      "solid": {
        "last_modified": 1628277666000,
        "raw": "<svg xmlns=\"http://www.w3.org/2000/svg\" viewBox=\"0 0 384 512\"><path d=\"M360 480H24c-13.3 0-24-10.7-24-24v-24c0-13.3 10.7-24 24-24h336c13.3 0 24 10.7 24 24v24c0 13.3-10.7 24-24 24zM128 56v136H40.3c-17.8 0-26.7 21.5-14.1 34.1l152.2 152.2c7.5 7.5 19.8 7.5 27.3 0l152.2-152.2c12.6-12.6 3.7-34.1-14.1-34.1H256V56c0-13.3-10.7-24-24-24h-80c-13.3 0-24 10.7-24 24z\"/></svg>",
        "viewBox": [
          "0",
          "0",
          "384",
          "512"
        ],
        "width": 384,
        "height": 512,
        "path": "M360 480H24c-13.3 0-24-10.7-24-24v-24c0-13.3 10.7-24 24-24h336c13.3 0 24 10.7 24 24v24c0 13.3-10.7 24-24 24zM128 56v136H40.3c-17.8 0-26.7 21.5-14.1 34.1l152.2 152.2c7.5 7.5 19.8 7.5 27.3 0l152.2-152.2c12.6-12.6 3.7-34.1-14.1-34.1H256V56c0-13.3-10.7-24-24-24h-80c-13.3 0-24 10.7-24 24z"
      }
    },
    "free": []
  },
  "arrow-alt-to-left": {
    "changes": [
      "5.0.0"
    ],
    "ligatures": [],
    "search": {
      "terms": [
        "back",
        "previous"
      ]
    },
    "styles": [
      "solid"
    ],
    "unicode": "f34b",
    "label": "Alternate Arrow to Left",
    "voted": false,
    "svg": {
      "solid": {
        "last_modified": 1628277666000,
        "raw": "<svg xmlns=\"http://www.w3.org/2000/svg\" viewBox=\"0 0 448 512\"><path d=\"M0 424V88c0-13.3 10.7-24 24-24h24c13.3 0 24 10.7 24 24v336c0 13.3-10.7 24-24 24H24c-13.3 0-24-10.7-24-24zm424-232H288v-87.7c0-17.8-21.5-26.7-34.1-14.1L101.7 242.3c-7.5 7.5-7.5 19.8 0 27.3l152.2 152.2c12.6 12.6 34.1 3.7 34.1-14.1V320h136c13.3 0 24-10.7 24-24v-80c0-13.3-10.7-24-24-24z\"/></svg>",
        "viewBox": [
          "0",
          "0",
          "448",
          "512"
        ],
        "width": 448,
        "height": 512,
        "path": "M0 424V88c0-13.3 10.7-24 24-24h24c13.3 0 24 10.7 24 24v336c0 13.3-10.7 24-24 24H24c-13.3 0-24-10.7-24-24zm424-232H288v-87.7c0-17.8-21.5-26.7-34.1-14.1L101.7 242.3c-7.5 7.5-7.5 19.8 0 27.3l152.2 152.2c12.6 12.6 34.1 3.7 34.1-14.1V320h136c13.3 0 24-10.7 24-24v-80c0-13.3-10.7-24-24-24z"
      }
    },
    "free": []
  },
  "arrow-alt-to-right": {
    "changes": [
      "5.0.0"
    ],
    "ligatures": [],
    "search": {
      "terms": [
        "forward",
        "next"
      ]
    },
    "styles": [
      "solid"
    ],
    "unicode": "f34c",
    "label": "Alternate Arrow to Right",
    "voted": false,
    "svg": {
      "solid": {
        "last_modified": 1628277666000,
        "raw": "<svg xmlns=\"http://www.w3.org/2000/svg\" viewBox=\"0 0 448 512\"><path d=\"M448 88v336c0 13.3-10.7 24-24 24h-24c-13.3 0-24-10.7-24-24V88c0-13.3 10.7-24 24-24h24c13.3 0 24 10.7 24 24zM24 320h136v87.7c0 17.8 21.5 26.7 34.1 14.1l152.2-152.2c7.5-7.5 7.5-19.8 0-27.3L194.1 90.1c-12.6-12.6-34.1-3.7-34.1 14.1V192H24c-13.3 0-24 10.7-24 24v80c0 13.3 10.7 24 24 24z\"/></svg>",
        "viewBox": [
          "0",
          "0",
          "448",
          "512"
        ],
        "width": 448,
        "height": 512,
        "path": "M448 88v336c0 13.3-10.7 24-24 24h-24c-13.3 0-24-10.7-24-24V88c0-13.3 10.7-24 24-24h24c13.3 0 24 10.7 24 24zM24 320h136v87.7c0 17.8 21.5 26.7 34.1 14.1l152.2-152.2c7.5-7.5 7.5-19.8 0-27.3L194.1 90.1c-12.6-12.6-34.1-3.7-34.1 14.1V192H24c-13.3 0-24 10.7-24 24v80c0 13.3 10.7 24 24 24z"
      }
    },
    "free": []
  },
  "arrow-alt-up": {
    "changes": [
      "5.0.0",
      "5.10.1",
      "5.11.0",
      "5.11.1"
    ],
    "ligatures": [],
    "search": {
      "terms": [
        "upload"
      ]
    },
    "styles": [
      "solid"
    ],
    "unicode": "f357",
    "label": "Alternate Arrow Up",
    "voted": false,
    "svg": {
      "solid": {
        "last_modified": 1628277666000,
        "raw": "<svg xmlns=\"http://www.w3.org/2000/svg\" viewBox=\"0 0 448 512\"><path d=\"M272 480h-96c-13.3 0-24-10.7-24-24V256H48.2c-21.4 0-32.1-25.8-17-41L207 39c9.4-9.4 24.6-9.4 34 0l175.8 176c15.1 15.1 4.4 41-17 41H296v200c0 13.3-10.7 24-24 24z\"/></svg>",
        "viewBox": [
          "0",
          "0",
          "448",
          "512"
        ],
        "width": 448,
        "height": 512,
        "path": "M272 480h-96c-13.3 0-24-10.7-24-24V256H48.2c-21.4 0-32.1-25.8-17-41L207 39c9.4-9.4 24.6-9.4 34 0l175.8 176c15.1 15.1 4.4 41-17 41H296v200c0 13.3-10.7 24-24 24z"
      }
    },
    "free": []
  },
  "arrow-right": {
    "changes": [
      "1",
      "5.0.0"
    ],
    "ligatures": [],
    "search": {
      "terms": [
        "forward",
        "next"
      ]
    },
    "styles": [
      "solid"
    ],
    "unicode": "f061",
    "label": "arrow-right",
    "voted": false,
    "svg": {
      "solid": {
        "last_modified": 1628277666000,
        "raw": "<svg xmlns=\"http://www.w3.org/2000/svg\" viewBox=\"0 0 448 512\"><path d=\"M190.5 66.9l22.2-22.2c9.4-9.4 24.6-9.4 33.9 0L441 239c9.4 9.4 9.4 24.6 0 33.9L246.6 467.3c-9.4 9.4-24.6 9.4-33.9 0l-22.2-22.2c-9.5-9.5-9.3-25 .4-34.3L311.4 296H24c-13.3 0-24-10.7-24-24v-32c0-13.3 10.7-24 24-24h287.4L190.9 101.2c-9.8-9.3-10-24.8-.4-34.3z\"/></svg>",
        "viewBox": [
          "0",
          "0",
          "448",
          "512"
        ],
        "width": 448,
        "height": 512,
        "path": "M190.5 66.9l22.2-22.2c9.4-9.4 24.6-9.4 33.9 0L441 239c9.4 9.4 9.4 24.6 0 33.9L246.6 467.3c-9.4 9.4-24.6 9.4-33.9 0l-22.2-22.2c-9.5-9.5-9.3-25 .4-34.3L311.4 296H24c-13.3 0-24-10.7-24-24v-32c0-13.3 10.7-24 24-24h287.4L190.9 101.2c-9.8-9.3-10-24.8-.4-34.3z"
      }
    },
    "free": [
      "solid"
    ]
  },
  "arrows-h": {
    "changes": [
      "1",
      "5.0.0"
    ],
    "ligatures": [],
    "search": {
      "terms": [
        "expand",
        "horizontal",
        "landscape",
        "resize",
        "wide"
      ]
    },
    "styles": [
      "solid"
    ],
    "unicode": "f07e",
    "label": "Arrows Horizontal",
    "voted": false,
    "svg": {
      "solid": {
        "last_modified": 1628277666000,
        "raw": "<svg xmlns=\"http://www.w3.org/2000/svg\" viewBox=\"0 0 512 512\"><path d=\"M105.815 288h300.371l-46.208 43.728c-9.815 9.289-10.03 24.846-.474 34.402l10.84 10.84c9.373 9.373 24.569 9.373 33.941 0l98.343-98.343c12.497-12.497 12.497-32.758 0-45.255l-98.343-98.343c-9.373-9.373-24.569-9.373-33.941 0l-10.84 10.84c-9.556 9.556-9.341 25.113.474 34.402L406.186 224H105.815l46.208-43.728c9.815-9.289 10.03-24.846.474-34.402l-10.84-10.84c-9.373-9.373-24.569-9.373-33.941 0L9.373 233.372c-12.497 12.497-12.497 32.758 0 45.255l98.343 98.343c9.373 9.373 24.569 9.373 33.941 0l10.84-10.84c9.556-9.556 9.341-25.113-.474-34.402L105.815 288z\"/></svg>",
        "viewBox": [
          "0",
          "0",
          "512",
          "512"
        ],
        "width": 512,
        "height": 512,
        "path": "M105.815 288h300.371l-46.208 43.728c-9.815 9.289-10.03 24.846-.474 34.402l10.84 10.84c9.373 9.373 24.569 9.373 33.941 0l98.343-98.343c12.497-12.497 12.497-32.758 0-45.255l-98.343-98.343c-9.373-9.373-24.569-9.373-33.941 0l-10.84 10.84c-9.556 9.556-9.341 25.113.474 34.402L406.186 224H105.815l46.208-43.728c9.815-9.289 10.03-24.846.474-34.402l-10.84-10.84c-9.373-9.373-24.569-9.373-33.941 0L9.373 233.372c-12.497 12.497-12.497 32.758 0 45.255l98.343 98.343c9.373 9.373 24.569 9.373 33.941 0l10.84-10.84c9.556-9.556 9.341-25.113-.474-34.402L105.815 288z"
      }
    },
    "free": []
  },
  "arrows-v": {
    "changes": [
      "1",
      "5.0.0"
    ],
    "ligatures": [],
    "search": {
      "terms": [
        "expand",
        "portrait",
        "resize",
        "tall",
        "vertical"
      ]
    },
    "styles": [
      "solid"
    ],
    "unicode": "f07d",
    "label": "Arrows Vertical",
    "voted": false,
    "svg": {
      "solid": {
        "last_modified": 1628277666000,
        "raw": "<svg xmlns=\"http://www.w3.org/2000/svg\" viewBox=\"0 0 256 512\"><path d=\"M160 406.186V105.815l43.728 46.208c9.289 9.815 24.846 10.03 34.402.474l10.84-10.84c9.373-9.373 9.373-24.569 0-33.941L150.627 9.373c-12.497-12.497-32.758-12.497-45.255 0L7.029 107.715c-9.373 9.373-9.373 24.569 0 33.941l10.84 10.84c9.556 9.556 25.113 9.341 34.402-.474L96 105.815v300.371l-43.728-46.208c-9.289-9.815-24.846-10.03-34.402-.474l-10.84 10.84c-9.373 9.373-9.373 24.569 0 33.941l98.343 98.343c12.497 12.497 32.758 12.497 45.255 0l98.343-98.343c9.373-9.373 9.373-24.569 0-33.941l-10.84-10.84c-9.556-9.556-25.113-9.341-34.402.474L160 406.186z\"/></svg>",
        "viewBox": [
          "0",
          "0",
          "256",
          "512"
        ],
        "width": 256,
        "height": 512,
        "path": "M160 406.186V105.815l43.728 46.208c9.289 9.815 24.846 10.03 34.402.474l10.84-10.84c9.373-9.373 9.373-24.569 0-33.941L150.627 9.373c-12.497-12.497-32.758-12.497-45.255 0L7.029 107.715c-9.373 9.373-9.373 24.569 0 33.941l10.84 10.84c9.556 9.556 25.113 9.341 34.402-.474L96 105.815v300.371l-43.728-46.208c-9.289-9.815-24.846-10.03-34.402-.474l-10.84 10.84c-9.373 9.373-9.373 24.569 0 33.941l98.343 98.343c12.497 12.497 32.758 12.497 45.255 0l98.343-98.343c9.373-9.373 9.373-24.569 0-33.941l-10.84-10.84c-9.556-9.556-25.113-9.341-34.402.474L160 406.186z"
      }
    },
    "free": []
  },
  "backward": {
    "changes": [
      "1",
      "5.0.0"
    ],
    "ligatures": [],
    "search": {
      "terms": [
        "previous",
        "rewind"
      ]
    },
    "styles": [
      "solid"
    ],
    "unicode": "f04a",
    "label": "backward",
    "voted": false,
    "svg": {
      "solid": {
        "last_modified": 1628277666000,
        "raw": "<svg xmlns=\"http://www.w3.org/2000/svg\" viewBox=\"0 0 512 512\"><path d=\"M11.5 280.6l192 160c20.6 17.2 52.5 2.8 52.5-24.6V96c0-27.4-31.9-41.8-52.5-24.6l-192 160c-15.3 12.8-15.3 36.4 0 49.2zm256 0l192 160c20.6 17.2 52.5 2.8 52.5-24.6V96c0-27.4-31.9-41.8-52.5-24.6l-192 160c-15.3 12.8-15.3 36.4 0 49.2z\"/></svg>",
        "viewBox": [
          "0",
          "0",
          "512",
          "512"
        ],
        "width": 512,
        "height": 512,
        "path": "M11.5 280.6l192 160c20.6 17.2 52.5 2.8 52.5-24.6V96c0-27.4-31.9-41.8-52.5-24.6l-192 160c-15.3 12.8-15.3 36.4 0 49.2zm256 0l192 160c20.6 17.2 52.5 2.8 52.5-24.6V96c0-27.4-31.9-41.8-52.5-24.6l-192 160c-15.3 12.8-15.3 36.4 0 49.2z"
      }
    },
    "free": [
      "solid"
    ]
  },
  "check": {
    "changes": [
      "1",
      "5.0.0"
    ],
    "ligatures": [],
    "search": {
      "terms": [
        "accept",
        "agree",
        "checkmark",
        "confirm",
        "correct",
        "done",
        "notice",
        "notification",
        "notify",
        "ok",
        "select",
        "success",
        "tick",
        "todo",
        "yes"
      ]
    },
    "styles": [
      "solid"
    ],
    "unicode": "f00c",
    "label": "Check",
    "voted": false,
    "svg": {
      "solid": {
        "last_modified": 1628277666000,
        "raw": "<svg xmlns=\"http://www.w3.org/2000/svg\" viewBox=\"0 0 512 512\"><path d=\"M173.898 439.404l-166.4-166.4c-9.997-9.997-9.997-26.206 0-36.204l36.203-36.204c9.997-9.998 26.207-9.998 36.204 0L192 312.69 432.095 72.596c9.997-9.997 26.207-9.997 36.204 0l36.203 36.204c9.997 9.997 9.997 26.206 0 36.204l-294.4 294.401c-9.998 9.997-26.207 9.997-36.204-.001z\"/></svg>",
        "viewBox": [
          "0",
          "0",
          "512",
          "512"
        ],
        "width": 512,
        "height": 512,
        "path": "M173.898 439.404l-166.4-166.4c-9.997-9.997-9.997-26.206 0-36.204l36.203-36.204c9.997-9.998 26.207-9.998 36.204 0L192 312.69 432.095 72.596c9.997-9.997 26.207-9.997 36.204 0l36.203 36.204c9.997 9.997 9.997 26.206 0 36.204l-294.4 294.401c-9.998 9.997-26.207 9.997-36.204-.001z"
      }
    },
    "free": [
      "solid"
    ]
  },
  "circle": {
    "changes": [
      "3",
      "5.0.0",
      "5.10.1",
      "5.10.2"
    ],
    "ligatures": [],
    "search": {
      "terms": [
        "circle-thin",
        "diameter",
        "dot",
        "ellipse",
        "notification",
        "round"
      ]
    },
    "styles": [
      "solid"
    ],
    "unicode": "f111",
    "label": "Circle",
    "voted": false,
    "svg": {
      "solid": {
        "last_modified": 1628277666000,
        "raw": "<svg xmlns=\"http://www.w3.org/2000/svg\" viewBox=\"0 0 512 512\"><path d=\"M256 8C119 8 8 119 8 256s111 248 248 248 248-111 248-248S393 8 256 8z\"/></svg>",
        "viewBox": [
          "0",
          "0",
          "512",
          "512"
        ],
        "width": 512,
        "height": 512,
        "path": "M256 8C119 8 8 119 8 256s111 248 248 248 248-111 248-248S393 8 256 8z"
      }
    },
    "free": [
      "solid",
      "regular"
    ]
  },
  "clock": {
    "changes": [
      "1",
      "5.0.0",
      "5.12.1"
    ],
    "ligatures": [],
    "search": {
      "terms": [
        "date",
        "late",
        "schedule",
        "time",
        "timer",
        "timestamp",
        "watch"
      ]
    },
    "styles": [
      "solid"
    ],
    "unicode": "f017",
    "label": "Clock",
    "voted": false,
    "svg": {
      "solid": {
        "last_modified": 1628277666000,
        "raw": "<svg xmlns=\"http://www.w3.org/2000/svg\" viewBox=\"0 0 512 512\"><path d=\"M256,8C119,8,8,119,8,256S119,504,256,504,504,393,504,256,393,8,256,8Zm92.49,313h0l-20,25a16,16,0,0,1-22.49,2.5h0l-67-49.72a40,40,0,0,1-15-31.23V112a16,16,0,0,1,16-16h32a16,16,0,0,1,16,16V256l58,42.5A16,16,0,0,1,348.49,321Z\"/></svg>",
        "viewBox": [
          "0",
          "0",
          "512",
          "512"
        ],
        "width": 512,
        "height": 512,
        "path": "M256,8C119,8,8,119,8,256S119,504,256,504,504,393,504,256,393,8,256,8Zm92.49,313h0l-20,25a16,16,0,0,1-22.49,2.5h0l-67-49.72a40,40,0,0,1-15-31.23V112a16,16,0,0,1,16-16h32a16,16,0,0,1,16,16V256l58,42.5A16,16,0,0,1,348.49,321Z"
      }
    },
    "free": [
      "solid",
      "regular"
    ]
  },
  "clone": {
    "changes": [
      "4.4",
      "5.0.0",
      "5.11.0"
    ],
    "ligatures": [],
    "search": {
      "terms": [
        "arrange",
        "copy",
        "duplicate",
        "paste"
      ]
    },
    "styles": [
      "solid"
    ],
    "unicode": "f24d",
    "label": "Clone",
    "voted": false,
    "svg": {
      "solid": {
        "last_modified": 1628277666000,
        "raw": "<svg xmlns=\"http://www.w3.org/2000/svg\" viewBox=\"0 0 512 512\"><path d=\"M464 0c26.51 0 48 21.49 48 48v288c0 26.51-21.49 48-48 48H176c-26.51 0-48-21.49-48-48V48c0-26.51 21.49-48 48-48h288M176 416c-44.112 0-80-35.888-80-80V128H48c-26.51 0-48 21.49-48 48v288c0 26.51 21.49 48 48 48h288c26.51 0 48-21.49 48-48v-48H176z\"/></svg>",
        "viewBox": [
          "0",
          "0",
          "512",
          "512"
        ],
        "width": 512,
        "height": 512,
        "path": "M464 0c26.51 0 48 21.49 48 48v288c0 26.51-21.49 48-48 48H176c-26.51 0-48-21.49-48-48V48c0-26.51 21.49-48 48-48h288M176 416c-44.112 0-80-35.888-80-80V128H48c-26.51 0-48 21.49-48 48v288c0 26.51 21.49 48 48 48h288c26.51 0 48-21.49 48-48v-48H176z"
      }
    },
    "free": [
      "solid",
      "regular"
    ]
  },
  "cog": {
    "changes": [
      "1",
      "5.0.0"
    ],
    "ligatures": [],
    "search": {
      "terms": [
        "gear",
        "mechanical",
        "settings",
        "sprocket",
        "wheel"
      ]
    },
    "styles": [
      "solid"
    ],
    "unicode": "f013",
    "label": "cog",
    "voted": false,
    "svg": {
      "solid": {
        "last_modified": 1628277666000,
        "raw": "<svg xmlns=\"http://www.w3.org/2000/svg\" viewBox=\"0 0 512 512\"><path d=\"M487.4 315.7l-42.6-24.6c4.3-23.2 4.3-47 0-70.2l42.6-24.6c4.9-2.8 7.1-8.6 5.5-14-11.1-35.6-30-67.8-54.7-94.6-3.8-4.1-10-5.1-14.8-2.3L380.8 110c-17.9-15.4-38.5-27.3-60.8-35.1V25.8c0-5.6-3.9-10.5-9.4-11.7-36.7-8.2-74.3-7.8-109.2 0-5.5 1.2-9.4 6.1-9.4 11.7V75c-22.2 7.9-42.8 19.8-60.8 35.1L88.7 85.5c-4.9-2.8-11-1.9-14.8 2.3-24.7 26.7-43.6 58.9-54.7 94.6-1.7 5.4.6 11.2 5.5 14L67.3 221c-4.3 23.2-4.3 47 0 70.2l-42.6 24.6c-4.9 2.8-7.1 8.6-5.5 14 11.1 35.6 30 67.8 54.7 94.6 3.8 4.1 10 5.1 14.8 2.3l42.6-24.6c17.9 15.4 38.5 27.3 60.8 35.1v49.2c0 5.6 3.9 10.5 9.4 11.7 36.7 8.2 74.3 7.8 109.2 0 5.5-1.2 9.4-6.1 9.4-11.7v-49.2c22.2-7.9 42.8-19.8 60.8-35.1l42.6 24.6c4.9 2.8 11 1.9 14.8-2.3 24.7-26.7 43.6-58.9 54.7-94.6 1.5-5.5-.7-11.3-5.6-14.1zM256 336c-44.1 0-80-35.9-80-80s35.9-80 80-80 80 35.9 80 80-35.9 80-80 80z\"/></svg>",
        "viewBox": [
          "0",
          "0",
          "512",
          "512"
        ],
        "width": 512,
        "height": 512,
        "path": "M487.4 315.7l-42.6-24.6c4.3-23.2 4.3-47 0-70.2l42.6-24.6c4.9-2.8 7.1-8.6 5.5-14-11.1-35.6-30-67.8-54.7-94.6-3.8-4.1-10-5.1-14.8-2.3L380.8 110c-17.9-15.4-38.5-27.3-60.8-35.1V25.8c0-5.6-3.9-10.5-9.4-11.7-36.7-8.2-74.3-7.8-109.2 0-5.5 1.2-9.4 6.1-9.4 11.7V75c-22.2 7.9-42.8 19.8-60.8 35.1L88.7 85.5c-4.9-2.8-11-1.9-14.8 2.3-24.7 26.7-43.6 58.9-54.7 94.6-1.7 5.4.6 11.2 5.5 14L67.3 221c-4.3 23.2-4.3 47 0 70.2l-42.6 24.6c-4.9 2.8-7.1 8.6-5.5 14 11.1 35.6 30 67.8 54.7 94.6 3.8 4.1 10 5.1 14.8 2.3l42.6-24.6c17.9 15.4 38.5 27.3 60.8 35.1v49.2c0 5.6 3.9 10.5 9.4 11.7 36.7 8.2 74.3 7.8 109.2 0 5.5-1.2 9.4-6.1 9.4-11.7v-49.2c22.2-7.9 42.8-19.8 60.8-35.1l42.6 24.6c4.9 2.8 11 1.9 14.8-2.3 24.7-26.7 43.6-58.9 54.7-94.6 1.5-5.5-.7-11.3-5.6-14.1zM256 336c-44.1 0-80-35.9-80-80s35.9-80 80-80 80 35.9 80 80-35.9 80-80 80z"
      }
    },
    "free": [
      "solid"
    ]
  },
  "compress-arrows-alt": {
    "changes": [
      "5.6.0"
    ],
    "ligatures": [],
    "search": {
      "terms": [
        "collapse",
        "fullscreen",
        "minimize",
        "move",
        "resize",
        "shrink",
        "smaller"
      ]
    },
    "styles": [
      "solid"
    ],
    "unicode": "f78c",
    "label": "Alternate Compress Arrows",
    "voted": true,
    "svg": {
      "solid": {
        "last_modified": 1628277666000,
        "raw": "<svg xmlns=\"http://www.w3.org/2000/svg\" viewBox=\"0 0 512 512\"><path d=\"M200 288H88c-21.4 0-32.1 25.8-17 41l32.9 31-99.2 99.3c-6.2 6.2-6.2 16.4 0 22.6l25.4 25.4c6.2 6.2 16.4 6.2 22.6 0L152 408l31.1 33c15.1 15.1 40.9 4.4 40.9-17V312c0-13.3-10.7-24-24-24zm112-64h112c21.4 0 32.1-25.9 17-41l-33-31 99.3-99.3c6.2-6.2 6.2-16.4 0-22.6L481.9 4.7c-6.2-6.2-16.4-6.2-22.6 0L360 104l-31.1-33C313.8 55.9 288 66.6 288 88v112c0 13.3 10.7 24 24 24zm96 136l33-31.1c15.1-15.1 4.4-40.9-17-40.9H312c-13.3 0-24 10.7-24 24v112c0 21.4 25.9 32.1 41 17l31-32.9 99.3 99.3c6.2 6.2 16.4 6.2 22.6 0l25.4-25.4c6.2-6.2 6.2-16.4 0-22.6L408 360zM183 71.1L152 104 52.7 4.7c-6.2-6.2-16.4-6.2-22.6 0L4.7 30.1c-6.2 6.2-6.2 16.4 0 22.6L104 152l-33 31.1C55.9 198.2 66.6 224 88 224h112c13.3 0 24-10.7 24-24V88c0-21.3-25.9-32-41-16.9z\"/></svg>",
        "viewBox": [
          "0",
          "0",
          "512",
          "512"
        ],
        "width": 512,
        "height": 512,
        "path": "M200 288H88c-21.4 0-32.1 25.8-17 41l32.9 31-99.2 99.3c-6.2 6.2-6.2 16.4 0 22.6l25.4 25.4c6.2 6.2 16.4 6.2 22.6 0L152 408l31.1 33c15.1 15.1 40.9 4.4 40.9-17V312c0-13.3-10.7-24-24-24zm112-64h112c21.4 0 32.1-25.9 17-41l-33-31 99.3-99.3c6.2-6.2 6.2-16.4 0-22.6L481.9 4.7c-6.2-6.2-16.4-6.2-22.6 0L360 104l-31.1-33C313.8 55.9 288 66.6 288 88v112c0 13.3 10.7 24 24 24zm96 136l33-31.1c15.1-15.1 4.4-40.9-17-40.9H312c-13.3 0-24 10.7-24 24v112c0 21.4 25.9 32.1 41 17l31-32.9 99.3 99.3c6.2 6.2 16.4 6.2 22.6 0l25.4-25.4c6.2-6.2 6.2-16.4 0-22.6L408 360zM183 71.1L152 104 52.7 4.7c-6.2-6.2-16.4-6.2-22.6 0L4.7 30.1c-6.2 6.2-6.2 16.4 0 22.6L104 152l-33 31.1C55.9 198.2 66.6 224 88 224h112c13.3 0 24-10.7 24-24V88c0-21.3-25.9-32-41-16.9z"
      }
    },
    "free": [
      "solid"
    ]
  },
  "eject": {
    "changes": [
      "1",
      "5.0.0"
    ],
    "ligatures": [],
    "search": {
      "terms": [
        "abort",
        "cancel",
        "cd",
        "discharge"
      ]
    },
    "styles": [
      "solid"
    ],
    "unicode": "f052",
    "label": "eject",
    "voted": false,
    "svg": {
      "solid": {
        "last_modified": 1628277666000,
        "raw": "<svg xmlns=\"http://www.w3.org/2000/svg\" viewBox=\"0 0 448 512\"><path d=\"M448 384v64c0 17.673-14.327 32-32 32H32c-17.673 0-32-14.327-32-32v-64c0-17.673 14.327-32 32-32h384c17.673 0 32 14.327 32 32zM48.053 320h351.886c41.651 0 63.581-49.674 35.383-80.435L259.383 47.558c-19.014-20.743-51.751-20.744-70.767 0L12.67 239.565C-15.475 270.268 6.324 320 48.053 320z\"/></svg>",
        "viewBox": [
          "0",
          "0",
          "448",
          "512"
        ],
        "width": 448,
        "height": 512,
        "path": "M448 384v64c0 17.673-14.327 32-32 32H32c-17.673 0-32-14.327-32-32v-64c0-17.673 14.327-32 32-32h384c17.673 0 32 14.327 32 32zM48.053 320h351.886c41.651 0 63.581-49.674 35.383-80.435L259.383 47.558c-19.014-20.743-51.751-20.744-70.767 0L12.67 239.565C-15.475 270.268 6.324 320 48.053 320z"
      }
    },
    "free": [
      "solid"
    ]
  },
  "expand-arrows-alt": {
    "changes": [
      "5.0.0",
      "5.8.0"
    ],
    "ligatures": [],
    "search": {
      "terms": [
        "bigger",
        "enlarge",
        "fullscreen",
        "move",
        "resize"
      ]
    },
    "styles": [
      "solid"
    ],
    "unicode": "f31e",
    "label": "Alternate Expand Arrows",
    "voted": false,
    "svg": {
      "solid": {
        "last_modified": 1628277666000,
        "raw": "<svg xmlns=\"http://www.w3.org/2000/svg\" viewBox=\"0 0 448 512\"><path d=\"M448 344v112a23.94 23.94 0 0 1-24 24H312c-21.39 0-32.09-25.9-17-41l36.2-36.2L224 295.6 116.77 402.9 153 439c15.09 15.1 4.39 41-17 41H24a23.94 23.94 0 0 1-24-24V344c0-21.4 25.89-32.1 41-17l36.19 36.2L184.46 256 77.18 148.7 41 185c-15.1 15.1-41 4.4-41-17V56a23.94 23.94 0 0 1 24-24h112c21.39 0 32.09 25.9 17 41l-36.2 36.2L224 216.4l107.23-107.3L295 73c-15.09-15.1-4.39-41 17-41h112a23.94 23.94 0 0 1 24 24v112c0 21.4-25.89 32.1-41 17l-36.19-36.2L263.54 256l107.28 107.3L407 327.1c15.1-15.2 41-4.5 41 16.9z\"/></svg>",
        "viewBox": [
          "0",
          "0",
          "448",
          "512"
        ],
        "width": 448,
        "height": 512,
        "path": "M448 344v112a23.94 23.94 0 0 1-24 24H312c-21.39 0-32.09-25.9-17-41l36.2-36.2L224 295.6 116.77 402.9 153 439c15.09 15.1 4.39 41-17 41H24a23.94 23.94 0 0 1-24-24V344c0-21.4 25.89-32.1 41-17l36.19 36.2L184.46 256 77.18 148.7 41 185c-15.1 15.1-41 4.4-41-17V56a23.94 23.94 0 0 1 24-24h112c21.39 0 32.09 25.9 17 41l-36.2 36.2L224 216.4l107.23-107.3L295 73c-15.09-15.1-4.39-41 17-41h112a23.94 23.94 0 0 1 24 24v112c0 21.4-25.89 32.1-41 17l-36.19-36.2L263.54 256l107.28 107.3L407 327.1c15.1-15.2 41-4.5 41 16.9z"
      }
    },
    "free": [
      "solid"
    ]
  },
  "eye": {
    "changes": [
      "1",
      "5.0.0",
      "5.7.0"
    ],
    "ligatures": [],
    "search": {
      "terms": [
        "look",
        "optic",
        "see",
        "seen",
        "show",
        "sight",
        "views",
        "visible"
      ]
    },
    "styles": [
      "solid"
    ],
    "unicode": "f06e",
    "label": "Eye",
    "voted": false,
    "svg": {
      "solid": {
        "last_modified": 1628277666000,
        "raw": "<svg xmlns=\"http://www.w3.org/2000/svg\" viewBox=\"0 0 576 512\"><path d=\"M572.52 241.4C518.29 135.59 410.93 64 288 64S57.68 135.64 3.48 241.41a32.35 32.35 0 0 0 0 29.19C57.71 376.41 165.07 448 288 448s230.32-71.64 284.52-177.41a32.35 32.35 0 0 0 0-29.19zM288 400a144 144 0 1 1 144-144 143.93 143.93 0 0 1-144 144zm0-240a95.31 95.31 0 0 0-25.31 3.79 47.85 47.85 0 0 1-66.9 66.9A95.78 95.78 0 1 0 288 160z\"/></svg>",
        "viewBox": [
          "0",
          "0",
          "576",
          "512"
        ],
        "width": 576,
        "height": 512,
        "path": "M572.52 241.4C518.29 135.59 410.93 64 288 64S57.68 135.64 3.48 241.41a32.35 32.35 0 0 0 0 29.19C57.71 376.41 165.07 448 288 448s230.32-71.64 284.52-177.41a32.35 32.35 0 0 0 0-29.19zM288 400a144 144 0 1 1 144-144 143.93 143.93 0 0 1-144 144zm0-240a95.31 95.31 0 0 0-25.31 3.79 47.85 47.85 0 0 1-66.9 66.9A95.78 95.78 0 1 0 288 160z"
      }
    },
    "free": [
      "solid",
      "regular"
    ]
  },
  "eye-slash": {
    "changes": [
      "1",
      "5.0.0",
      "5.7.0"
    ],
    "ligatures": [],
    "search": {
      "terms": [
        "blind",
        "hide",
        "show",
        "toggle",
        "unseen",
        "views",
        "visible",
        "visiblity"
      ]
    },
    "styles": [
      "solid"
    ],
    "unicode": "f070",
    "label": "Eye Slash",
    "voted": false,
    "svg": {
      "solid": {
        "last_modified": 1628277666000,
        "raw": "<svg xmlns=\"http://www.w3.org/2000/svg\" viewBox=\"0 0 640 512\"><path d=\"M320 400c-75.85 0-137.25-58.71-142.9-133.11L72.2 185.82c-13.79 17.3-26.48 35.59-36.72 55.59a32.35 32.35 0 0 0 0 29.19C89.71 376.41 197.07 448 320 448c26.91 0 52.87-4 77.89-10.46L346 397.39a144.13 144.13 0 0 1-26 2.61zm313.82 58.1l-110.55-85.44a331.25 331.25 0 0 0 81.25-102.07 32.35 32.35 0 0 0 0-29.19C550.29 135.59 442.93 64 320 64a308.15 308.15 0 0 0-147.32 37.7L45.46 3.37A16 16 0 0 0 23 6.18L3.37 31.45A16 16 0 0 0 6.18 53.9l588.36 454.73a16 16 0 0 0 22.46-2.81l19.64-25.27a16 16 0 0 0-2.82-22.45zm-183.72-142l-39.3-30.38A94.75 94.75 0 0 0 416 256a94.76 94.76 0 0 0-121.31-92.21A47.65 47.65 0 0 1 304 192a46.64 46.64 0 0 1-1.54 10l-73.61-56.89A142.31 142.31 0 0 1 320 112a143.92 143.92 0 0 1 144 144c0 21.63-5.29 41.79-13.9 60.11z\"/></svg>",
        "viewBox": [
          "0",
          "0",
          "640",
          "512"
        ],
        "width": 640,
        "height": 512,
        "path": "M320 400c-75.85 0-137.25-58.71-142.9-133.11L72.2 185.82c-13.79 17.3-26.48 35.59-36.72 55.59a32.35 32.35 0 0 0 0 29.19C89.71 376.41 197.07 448 320 448c26.91 0 52.87-4 77.89-10.46L346 397.39a144.13 144.13 0 0 1-26 2.61zm313.82 58.1l-110.55-85.44a331.25 331.25 0 0 0 81.25-102.07 32.35 32.35 0 0 0 0-29.19C550.29 135.59 442.93 64 320 64a308.15 308.15 0 0 0-147.32 37.7L45.46 3.37A16 16 0 0 0 23 6.18L3.37 31.45A16 16 0 0 0 6.18 53.9l588.36 454.73a16 16 0 0 0 22.46-2.81l19.64-25.27a16 16 0 0 0-2.82-22.45zm-183.72-142l-39.3-30.38A94.75 94.75 0 0 0 416 256a94.76 94.76 0 0 0-121.31-92.21A47.65 47.65 0 0 1 304 192a46.64 46.64 0 0 1-1.54 10l-73.61-56.89A142.31 142.31 0 0 1 320 112a143.92 143.92 0 0 1 144 144c0 21.63-5.29 41.79-13.9 60.11z"
      }
    },
    "free": [
      "solid",
      "regular"
    ]
  },
  "film-alt": {
    "changes": [
      "5.0.0"
    ],
    "ligatures": [],
    "search": {
      "terms": [
        "cinema",
        "movie",
        "strip",
        "video"
      ]
    },
    "styles": [
      "solid"
    ],
    "unicode": "f3a0",
    "label": "Alternate Film",
    "voted": false,
    "svg": {
      "solid": {
        "last_modified": 1628277666000,
        "raw": "<svg xmlns=\"http://www.w3.org/2000/svg\" viewBox=\"0 0 512 512\"><path d=\"M488 64h-8v20c0 6.6-5.4 12-12 12h-40c-6.6 0-12-5.4-12-12V64H96v20c0 6.6-5.4 12-12 12H44c-6.6 0-12-5.4-12-12V64h-8C10.7 64 0 74.7 0 88v336c0 13.3 10.7 24 24 24h8v-20c0-6.6 5.4-12 12-12h40c6.6 0 12 5.4 12 12v20h320v-20c0-6.6 5.4-12 12-12h40c6.6 0 12 5.4 12 12v20h8c13.3 0 24-10.7 24-24V88c0-13.3-10.7-24-24-24zM96 372c0 6.6-5.4 12-12 12H44c-6.6 0-12-5.4-12-12v-40c0-6.6 5.4-12 12-12h40c6.6 0 12 5.4 12 12v40zm0-96c0 6.6-5.4 12-12 12H44c-6.6 0-12-5.4-12-12v-40c0-6.6 5.4-12 12-12h40c6.6 0 12 5.4 12 12v40zm0-96c0 6.6-5.4 12-12 12H44c-6.6 0-12-5.4-12-12v-40c0-6.6 5.4-12 12-12h40c6.6 0 12 5.4 12 12v40zm384 192c0 6.6-5.4 12-12 12h-40c-6.6 0-12-5.4-12-12v-40c0-6.6 5.4-12 12-12h40c6.6 0 12 5.4 12 12v40zm0-96c0 6.6-5.4 12-12 12h-40c-6.6 0-12-5.4-12-12v-40c0-6.6 5.4-12 12-12h40c6.6 0 12 5.4 12 12v40zm0-96c0 6.6-5.4 12-12 12h-40c-6.6 0-12-5.4-12-12v-40c0-6.6 5.4-12 12-12h40c6.6 0 12 5.4 12 12v40z\"/></svg>",
        "viewBox": [
          "0",
          "0",
          "512",
          "512"
        ],
        "width": 512,
        "height": 512,
        "path": "M488 64h-8v20c0 6.6-5.4 12-12 12h-40c-6.6 0-12-5.4-12-12V64H96v20c0 6.6-5.4 12-12 12H44c-6.6 0-12-5.4-12-12V64h-8C10.7 64 0 74.7 0 88v336c0 13.3 10.7 24 24 24h8v-20c0-6.6 5.4-12 12-12h40c6.6 0 12 5.4 12 12v20h320v-20c0-6.6 5.4-12 12-12h40c6.6 0 12 5.4 12 12v20h8c13.3 0 24-10.7 24-24V88c0-13.3-10.7-24-24-24zM96 372c0 6.6-5.4 12-12 12H44c-6.6 0-12-5.4-12-12v-40c0-6.6 5.4-12 12-12h40c6.6 0 12 5.4 12 12v40zm0-96c0 6.6-5.4 12-12 12H44c-6.6 0-12-5.4-12-12v-40c0-6.6 5.4-12 12-12h40c6.6 0 12 5.4 12 12v40zm0-96c0 6.6-5.4 12-12 12H44c-6.6 0-12-5.4-12-12v-40c0-6.6 5.4-12 12-12h40c6.6 0 12 5.4 12 12v40zm384 192c0 6.6-5.4 12-12 12h-40c-6.6 0-12-5.4-12-12v-40c0-6.6 5.4-12 12-12h40c6.6 0 12 5.4 12 12v40zm0-96c0 6.6-5.4 12-12 12h-40c-6.6 0-12-5.4-12-12v-40c0-6.6 5.4-12 12-12h40c6.6 0 12 5.4 12 12v40zm0-96c0 6.6-5.4 12-12 12h-40c-6.6 0-12-5.4-12-12v-40c0-6.6 5.4-12 12-12h40c6.6 0 12 5.4 12 12v40z"
      }
    },
    "free": []
  },
  "folder-open": {
    "changes": [
      "1",
      "5.0.0"
    ],
    "ligatures": [],
    "search": {
      "terms": [
        "archive",
        "directory",
        "document",
        "empty",
        "file",
        "new"
      ]
    },
    "styles": [
      "solid"
    ],
    "unicode": "f07c",
    "label": "Folder Open",
    "voted": false,
    "svg": {
      "solid": {
        "last_modified": 1628277666000,
        "raw": "<svg xmlns=\"http://www.w3.org/2000/svg\" viewBox=\"0 0 576 512\"><path d=\"M572.694 292.093L500.27 416.248A63.997 63.997 0 0 1 444.989 448H45.025c-18.523 0-30.064-20.093-20.731-36.093l72.424-124.155A64 64 0 0 1 152 256h399.964c18.523 0 30.064 20.093 20.73 36.093zM152 224h328v-48c0-26.51-21.49-48-48-48H272l-64-64H48C21.49 64 0 85.49 0 112v278.046l69.077-118.418C86.214 242.25 117.989 224 152 224z\"/></svg>",
        "viewBox": [
          "0",
          "0",
          "576",
          "512"
        ],
        "width": 576,
        "height": 512,
        "path": "M572.694 292.093L500.27 416.248A63.997 63.997 0 0 1 444.989 448H45.025c-18.523 0-30.064-20.093-20.731-36.093l72.424-124.155A64 64 0 0 1 152 256h399.964c18.523 0 30.064 20.093 20.73 36.093zM152 224h328v-48c0-26.51-21.49-48-48-48H272l-64-64H48C21.49 64 0 85.49 0 112v278.046l69.077-118.418C86.214 242.25 117.989 224 152 224z"
      }
    },
    "free": [
      "solid",
      "regular"
    ]
  },
  "forward": {
    "changes": [
      "1",
      "5.0.0"
    ],
    "ligatures": [],
    "search": {
      "terms": [
        "forward",
        "next",
        "skip"
      ]
    },
    "styles": [
      "solid"
    ],
    "unicode": "f04e",
    "label": "forward",
    "voted": false,
    "svg": {
      "solid": {
        "last_modified": 1628277666000,
        "raw": "<svg xmlns=\"http://www.w3.org/2000/svg\" viewBox=\"0 0 512 512\"><path d=\"M500.5 231.4l-192-160C287.9 54.3 256 68.6 256 96v320c0 27.4 31.9 41.8 52.5 24.6l192-160c15.3-12.8 15.3-36.4 0-49.2zm-256 0l-192-160C31.9 54.3 0 68.6 0 96v320c0 27.4 31.9 41.8 52.5 24.6l192-160c15.3-12.8 15.3-36.4 0-49.2z\"/></svg>",
        "viewBox": [
          "0",
          "0",
          "512",
          "512"
        ],
        "width": 512,
        "height": 512,
        "path": "M500.5 231.4l-192-160C287.9 54.3 256 68.6 256 96v320c0 27.4 31.9 41.8 52.5 24.6l192-160c15.3-12.8 15.3-36.4 0-49.2zm-256 0l-192-160C31.9 54.3 0 68.6 0 96v320c0 27.4 31.9 41.8 52.5 24.6l192-160c15.3-12.8 15.3-36.4 0-49.2z"
      }
    },
    "free": [
      "solid"
    ]
  },
  "grip-lines": {
    "changes": [
      "5.6.0"
    ],
    "ligatures": [],
    "search": {
      "terms": [
        "affordance",
        "drag",
        "drop",
        "grab",
        "handle"
      ]
    },
    "styles": [
      "solid"
    ],
    "unicode": "f7a4",
    "label": "Grip Lines",
    "voted": true,
    "svg": {
      "solid": {
        "last_modified": 1628277666000,
        "raw": "<svg xmlns=\"http://www.w3.org/2000/svg\" viewBox=\"0 0 512 512\"><path d=\"M496 288H16c-8.8 0-16 7.2-16 16v32c0 8.8 7.2 16 16 16h480c8.8 0 16-7.2 16-16v-32c0-8.8-7.2-16-16-16zm0-128H16c-8.8 0-16 7.2-16 16v32c0 8.8 7.2 16 16 16h480c8.8 0 16-7.2 16-16v-32c0-8.8-7.2-16-16-16z\"/></svg>",
        "viewBox": [
          "0",
          "0",
          "512",
          "512"
        ],
        "width": 512,
        "height": 512,
        "path": "M496 288H16c-8.8 0-16 7.2-16 16v32c0 8.8 7.2 16 16 16h480c8.8 0 16-7.2 16-16v-32c0-8.8-7.2-16-16-16zm0-128H16c-8.8 0-16 7.2-16 16v32c0 8.8 7.2 16 16 16h480c8.8 0 16-7.2 16-16v-32c0-8.8-7.2-16-16-16z"
      }
    },
    "free": [
      "solid"
    ]
  },
  "hand-paper": {
    "changes": [
      "4.4",
      "5.0.0"
    ],
    "ligatures": [],
    "search": {
      "terms": [
        "game",
        "halt",
        "roshambo",
        "stop"
      ]
    },
    "styles": [
      "solid"
    ],
    "unicode": "f256",
    "label": "Paper (Hand)",
    "voted": false,
    "svg": {
      "solid": {
        "last_modified": 1628277666000,
        "raw": "<svg xmlns=\"http://www.w3.org/2000/svg\" viewBox=\"0 0 448 512\"><path d=\"M408.781 128.007C386.356 127.578 368 146.36 368 168.79V256h-8V79.79c0-22.43-18.356-41.212-40.781-40.783C297.488 39.423 280 57.169 280 79v177h-8V40.79C272 18.36 253.644-.422 231.219.007 209.488.423 192 18.169 192 40v216h-8V80.79c0-22.43-18.356-41.212-40.781-40.783C121.488 40.423 104 58.169 104 80v235.992l-31.648-43.519c-12.993-17.866-38.009-21.817-55.877-8.823-17.865 12.994-21.815 38.01-8.822 55.877l125.601 172.705A48 48 0 0 0 172.073 512h197.59c22.274 0 41.622-15.324 46.724-37.006l26.508-112.66a192.011 192.011 0 0 0 5.104-43.975V168c.001-21.831-17.487-39.577-39.218-39.993z\"/></svg>",
        "viewBox": [
          "0",
          "0",
          "448",
          "512"
        ],
        "width": 448,
        "height": 512,
        "path": "M408.781 128.007C386.356 127.578 368 146.36 368 168.79V256h-8V79.79c0-22.43-18.356-41.212-40.781-40.783C297.488 39.423 280 57.169 280 79v177h-8V40.79C272 18.36 253.644-.422 231.219.007 209.488.423 192 18.169 192 40v216h-8V80.79c0-22.43-18.356-41.212-40.781-40.783C121.488 40.423 104 58.169 104 80v235.992l-31.648-43.519c-12.993-17.866-38.009-21.817-55.877-8.823-17.865 12.994-21.815 38.01-8.822 55.877l125.601 172.705A48 48 0 0 0 172.073 512h197.59c22.274 0 41.622-15.324 46.724-37.006l26.508-112.66a192.011 192.011 0 0 0 5.104-43.975V168c.001-21.831-17.487-39.577-39.218-39.993z"
      }
    },
    "free": [
      "solid",
      "regular"
    ]
  },
  "image": {
    "changes": [
      "1",
      "5.0.0",
      "5.10.1"
    ],
    "ligatures": [],
    "search": {
      "terms": [
        "album",
        "landscape",
        "photo",
        "picture"
      ]
    },
    "styles": [
      "solid"
    ],
    "unicode": "f03e",
    "label": "Image",
    "voted": false,
    "svg": {
      "solid": {
        "last_modified": 1628277666000,
        "raw": "<svg xmlns=\"http://www.w3.org/2000/svg\" viewBox=\"0 0 512 512\"><path d=\"M464 448H48c-26.51 0-48-21.49-48-48V112c0-26.51 21.49-48 48-48h416c26.51 0 48 21.49 48 48v288c0 26.51-21.49 48-48 48zM112 120c-30.928 0-56 25.072-56 56s25.072 56 56 56 56-25.072 56-56-25.072-56-56-56zM64 384h384V272l-87.515-87.515c-4.686-4.686-12.284-4.686-16.971 0L208 320l-55.515-55.515c-4.686-4.686-12.284-4.686-16.971 0L64 336v48z\"/></svg>",
        "viewBox": [
          "0",
          "0",
          "512",
          "512"
        ],
        "width": 512,
        "height": 512,
        "path": "M464 448H48c-26.51 0-48-21.49-48-48V112c0-26.51 21.49-48 48-48h416c26.51 0 48 21.49 48 48v288c0 26.51-21.49 48-48 48zM112 120c-30.928 0-56 25.072-56 56s25.072 56 56 56 56-25.072 56-56-25.072-56-56-56zM64 384h384V272l-87.515-87.515c-4.686-4.686-12.284-4.686-16.971 0L208 320l-55.515-55.515c-4.686-4.686-12.284-4.686-16.971 0L64 336v48z"
      }
    },
    "free": [
      "solid",
      "regular"
    ]
  },
  "music": {
    "changes": [
      "1",
      "5.0.0",
      "5.2.0",
      "5.11.0"
    ],
    "ligatures": [],
    "search": {
      "terms": [
        "lyrics",
        "melody",
        "note",
        "sing",
        "sound"
      ]
    },
    "styles": [
      "solid"
    ],
    "unicode": "f001",
    "label": "Music",
    "voted": false,
    "svg": {
      "solid": {
        "last_modified": 1628277666000,
        "raw": "<svg xmlns=\"http://www.w3.org/2000/svg\" viewBox=\"0 0 512 512\"><path d=\"M470.38 1.51L150.41 96A32 32 0 0 0 128 126.51v261.41A139 139 0 0 0 96 384c-53 0-96 28.66-96 64s43 64 96 64 96-28.66 96-64V214.32l256-75v184.61a138.4 138.4 0 0 0-32-3.93c-53 0-96 28.66-96 64s43 64 96 64 96-28.65 96-64V32a32 32 0 0 0-41.62-30.49z\"/></svg>",
        "viewBox": [
          "0",
          "0",
          "512",
          "512"
        ],
        "width": 512,
        "height": 512,
        "path": "M470.38 1.51L150.41 96A32 32 0 0 0 128 126.51v261.41A139 139 0 0 0 96 384c-53 0-96 28.66-96 64s43 64 96 64 96-28.66 96-64V214.32l256-75v184.61a138.4 138.4 0 0 0-32-3.93c-53 0-96 28.66-96 64s43 64 96 64 96-28.65 96-64V32a32 32 0 0 0-41.62-30.49z"
      }
    },
    "free": [
      "solid"
    ]
  },
  "pause": {
    "changes": [
      "1",
      "5.0.0",
      "5.10.2"
    ],
    "ligatures": [],
    "search": {
      "terms": [
        "hold",
        "wait"
      ]
    },
    "styles": [
      "solid"
    ],
    "unicode": "f04c",
    "label": "pause",
    "voted": false,
    "svg": {
      "solid": {
        "last_modified": 1628277666000,
        "raw": "<svg xmlns=\"http://www.w3.org/2000/svg\" viewBox=\"0 0 448 512\"><path d=\"M144 479H48c-26.5 0-48-21.5-48-48V79c0-26.5 21.5-48 48-48h96c26.5 0 48 21.5 48 48v352c0 26.5-21.5 48-48 48zm304-48V79c0-26.5-21.5-48-48-48h-96c-26.5 0-48 21.5-48 48v352c0 26.5 21.5 48 48 48h96c26.5 0 48-21.5 48-48z\"/></svg>",
        "viewBox": [
          "0",
          "0",
          "448",
          "512"
        ],
        "width": 448,
        "height": 512,
        "path": "M144 479H48c-26.5 0-48-21.5-48-48V79c0-26.5 21.5-48 48-48h96c26.5 0 48 21.5 48 48v352c0 26.5-21.5 48-48 48zm304-48V79c0-26.5-21.5-48-48-48h-96c-26.5 0-48 21.5-48 48v352c0 26.5 21.5 48 48 48h96c26.5 0 48-21.5 48-48z"
      }
    },
    "free": [
      "solid"
    ]
  },
  "pencil": {
    "changes": [
      "1",
      "5.0.0"
    ],
    "ligatures": [],
    "search": {
      "terms": [
        "design",
        "edit",
        "update",
        "write"
      ]
    },
    "styles": [
      "solid"
    ],
    "unicode": "f040",
    "label": "pencil",
    "voted": false,
    "svg": {
      "solid": {
        "last_modified": 1628277666000,
        "raw": "<svg xmlns=\"http://www.w3.org/2000/svg\" viewBox=\"0 0 512 512\"><path d=\"M497.9 142.1l-46.1 46.1c-4.7 4.7-12.3 4.7-17 0l-111-111c-4.7-4.7-4.7-12.3 0-17l46.1-46.1c18.7-18.7 49.1-18.7 67.9 0l60.1 60.1c18.8 18.7 18.8 49.1 0 67.9zM284.2 99.8L21.6 362.4.4 483.9c-2.9 16.4 11.4 30.6 27.8 27.8l121.5-21.3 262.6-262.6c4.7-4.7 4.7-12.3 0-17l-111-111c-4.8-4.7-12.4-4.7-17.1 0zM88 424h48v36.3l-64.5 11.3-31.1-31.1L51.7 376H88v48z\"/></svg>",
        "viewBox": [
          "0",
          "0",
          "512",
          "512"
        ],
        "width": 512,
        "height": 512,
        "path": "M497.9 142.1l-46.1 46.1c-4.7 4.7-12.3 4.7-17 0l-111-111c-4.7-4.7-4.7-12.3 0-17l46.1-46.1c18.7-18.7 49.1-18.7 67.9 0l60.1 60.1c18.8 18.7 18.8 49.1 0 67.9zM284.2 99.8L21.6 362.4.4 483.9c-2.9 16.4 11.4 30.6 27.8 27.8l121.5-21.3 262.6-262.6c4.7-4.7 4.7-12.3 0-17l-111-111c-4.8-4.7-12.4-4.7-17.1 0zM88 424h48v36.3l-64.5 11.3-31.1-31.1L51.7 376H88v48z"
      }
    },
    "free": []
  },
  "play": {
    "changes": [
      "1",
      "5.0.0",
      "5.10.2"
    ],
    "ligatures": [],
    "search": {
      "terms": [
        "audio",
        "music",
        "playing",
        "sound",
        "start",
        "video"
      ]
    },
    "styles": [
      "solid"
    ],
    "unicode": "f04b",
    "label": "play",
    "voted": false,
    "svg": {
      "solid": {
        "last_modified": 1628277666000,
        "raw": "<svg xmlns=\"http://www.w3.org/2000/svg\" viewBox=\"0 0 448 512\"><path d=\"M424.4 214.7L72.4 6.6C43.8-10.3 0 6.1 0 47.9V464c0 37.5 40.7 60.1 72.4 41.3l352-208c31.4-18.5 31.5-64.1 0-82.6z\"/></svg>",
        "viewBox": [
          "0",
          "0",
          "448",
          "512"
        ],
        "width": 448,
        "height": 512,
        "path": "M424.4 214.7L72.4 6.6C43.8-10.3 0 6.1 0 47.9V464c0 37.5 40.7 60.1 72.4 41.3l352-208c31.4-18.5 31.5-64.1 0-82.6z"
      }
    },
    "free": [
      "solid"
    ]
  },
  "plus": {
    "changes": [
      "1",
      "5.0.0",
      "5.0.13"
    ],
    "ligatures": [],
    "search": {
      "terms": [
        "add",
        "create",
        "expand",
        "new",
        "positive",
        "shape"
      ]
    },
    "styles": [
      "solid"
    ],
    "unicode": "f067",
    "label": "plus",
    "voted": false,
    "svg": {
      "solid": {
        "last_modified": 1628277666000,
        "raw": "<svg xmlns=\"http://www.w3.org/2000/svg\" viewBox=\"0 0 448 512\"><path d=\"M416 208H272V64c0-17.67-14.33-32-32-32h-32c-17.67 0-32 14.33-32 32v144H32c-17.67 0-32 14.33-32 32v32c0 17.67 14.33 32 32 32h144v144c0 17.67 14.33 32 32 32h32c17.67 0 32-14.33 32-32V304h144c17.67 0 32-14.33 32-32v-32c0-17.67-14.33-32-32-32z\"/></svg>",
        "viewBox": [
          "0",
          "0",
          "448",
          "512"
        ],
        "width": 448,
        "height": 512,
        "path": "M416 208H272V64c0-17.67-14.33-32-32-32h-32c-17.67 0-32 14.33-32 32v144H32c-17.67 0-32 14.33-32 32v32c0 17.67 14.33 32 32 32h144v144c0 17.67 14.33 32 32 32h32c17.67 0 32-14.33 32-32V304h144c17.67 0 32-14.33 32-32v-32c0-17.67-14.33-32-32-32z"
      }
    },
    "free": [
      "solid"
    ]
  },
  "save": {
    "changes": [
      "2",
      "5.0.0",
      "5.10.2"
    ],
    "ligatures": [],
    "search": {
      "terms": [
        "disk",
        "download",
        "floppy",
        "floppy-o"
      ]
    },
    "styles": [
      "solid"
    ],
    "unicode": "f0c7",
    "label": "Save",
    "voted": false,
    "svg": {
      "solid": {
        "last_modified": 1628277666000,
        "raw": "<svg xmlns=\"http://www.w3.org/2000/svg\" viewBox=\"0 0 448 512\"><path d=\"M433.941 129.941l-83.882-83.882A48 48 0 0 0 316.118 32H48C21.49 32 0 53.49 0 80v352c0 26.51 21.49 48 48 48h352c26.51 0 48-21.49 48-48V163.882a48 48 0 0 0-14.059-33.941zM224 416c-35.346 0-64-28.654-64-64 0-35.346 28.654-64 64-64s64 28.654 64 64c0 35.346-28.654 64-64 64zm96-304.52V212c0 6.627-5.373 12-12 12H76c-6.627 0-12-5.373-12-12V108c0-6.627 5.373-12 12-12h228.52c3.183 0 6.235 1.264 8.485 3.515l3.48 3.48A11.996 11.996 0 0 1 320 111.48z\"/></svg>",
        "viewBox": [
          "0",
          "0",
          "448",
          "512"
        ],
        "width": 448,
        "height": 512,
        "path": "M433.941 129.941l-83.882-83.882A48 48 0 0 0 316.118 32H48C21.49 32 0 53.49 0 80v352c0 26.51 21.49 48 48 48h352c26.51 0 48-21.49 48-48V163.882a48 48 0 0 0-14.059-33.941zM224 416c-35.346 0-64-28.654-64-64 0-35.346 28.654-64 64-64s64 28.654 64 64c0 35.346-28.654 64-64 64zm96-304.52V212c0 6.627-5.373 12-12 12H76c-6.627 0-12-5.373-12-12V108c0-6.627 5.373-12 12-12h228.52c3.183 0 6.235 1.264 8.485 3.515l3.48 3.48A11.996 11.996 0 0 1 320 111.48z"
      }
    },
    "free": [
      "solid",
      "regular"
    ]
  },
  "sliders-v": {
    "changes": [
      "5.0.0",
      "5.0.11"
    ],
    "ligatures": [],
    "search": {
      "terms": [
        "adjust",
        "settings",
        "sliders",
        "toggle"
      ]
    },
    "styles": [
      "solid"
    ],
    "unicode": "f3f1",
    "label": "Vertical Sliders",
    "voted": false,
    "svg": {
      "solid": {
        "last_modified": 1628277666000,
        "raw": "<svg xmlns=\"http://www.w3.org/2000/svg\" viewBox=\"0 0 448 512\"><path d=\"M112 96H96V16c0-8.8-7.2-16-16-16H48c-8.8 0-16 7.2-16 16v80H16c-8.8 0-16 7.2-16 16v32c0 8.8 7.2 16 16 16h16v336c0 8.8 7.2 16 16 16h32c8.8 0 16-7.2 16-16V160h16c8.8 0 16-7.2 16-16v-32c0-8.8-7.2-16-16-16zm320 128h-16V16c0-8.8-7.2-16-16-16h-32c-8.8 0-16 7.2-16 16v208h-16c-8.8 0-16 7.2-16 16v32c0 8.8 7.2 16 16 16h16v208c0 8.8 7.2 16 16 16h32c8.8 0 16-7.2 16-16V288h16c8.8 0 16-7.2 16-16v-32c0-8.8-7.2-16-16-16zM272 352h-16V16c0-8.8-7.2-16-16-16h-32c-8.8 0-16 7.2-16 16v336h-16c-8.8 0-16 7.2-16 16v32c0 8.8 7.2 16 16 16h16v80c0 8.8 7.2 16 16 16h32c8.8 0 16-7.2 16-16v-80h16c8.8 0 16-7.2 16-16v-32c0-8.8-7.2-16-16-16z\"/></svg>",
        "viewBox": [
          "0",
          "0",
          "448",
          "512"
        ],
        "width": 448,
        "height": 512,
        "path": "M112 96H96V16c0-8.8-7.2-16-16-16H48c-8.8 0-16 7.2-16 16v80H16c-8.8 0-16 7.2-16 16v32c0 8.8 7.2 16 16 16h16v336c0 8.8 7.2 16 16 16h32c8.8 0 16-7.2 16-16V160h16c8.8 0 16-7.2 16-16v-32c0-8.8-7.2-16-16-16zm320 128h-16V16c0-8.8-7.2-16-16-16h-32c-8.8 0-16 7.2-16 16v208h-16c-8.8 0-16 7.2-16 16v32c0 8.8 7.2 16 16 16h16v208c0 8.8 7.2 16 16 16h32c8.8 0 16-7.2 16-16V288h16c8.8 0 16-7.2 16-16v-32c0-8.8-7.2-16-16-16zM272 352h-16V16c0-8.8-7.2-16-16-16h-32c-8.8 0-16 7.2-16 16v336h-16c-8.8 0-16 7.2-16 16v32c0 8.8 7.2 16 16 16h16v80c0 8.8 7.2 16 16 16h32c8.8 0 16-7.2 16-16v-80h16c8.8 0 16-7.2 16-16v-32c0-8.8-7.2-16-16-16z"
      }
    },
    "free": []
  },
  "stop": {
    "changes": [
      "1",
      "5.0.0",
      "5.10.2"
    ],
    "ligatures": [],
    "search": {
      "terms": [
        "block",
        "box",
        "square"
      ]
    },
    "styles": [
      "solid"
    ],
    "unicode": "f04d",
    "label": "stop",
    "voted": false,
    "svg": {
      "solid": {
        "last_modified": 1628277666000,
        "raw": "<svg xmlns=\"http://www.w3.org/2000/svg\" viewBox=\"0 0 448 512\"><path d=\"M400 32H48C21.5 32 0 53.5 0 80v352c0 26.5 21.5 48 48 48h352c26.5 0 48-21.5 48-48V80c0-26.5-21.5-48-48-48z\"/></svg>",
        "viewBox": [
          "0",
          "0",
          "448",
          "512"
        ],
        "width": 448,
        "height": 512,
        "path": "M400 32H48C21.5 32 0 53.5 0 80v352c0 26.5 21.5 48 48 48h352c26.5 0 48-21.5 48-48V80c0-26.5-21.5-48-48-48z"
      }
    },
    "free": [
      "solid"
    ]
  },
  "text": {
    "changes": [
      "5.9.0",
      "5.10.1",
      "5.10.2"
    ],
    "ligatures": [],
    "search": {
      "terms": [
        "font",
        "format",
        "letter",
        "style",
        "typography"
      ]
    },
    "styles": [
      "solid"
    ],
    "unicode": "f893",
    "label": "Text",
    "voted": false,
    "svg": {
      "solid": {
        "last_modified": 1628277666000,
        "raw": "<svg xmlns=\"http://www.w3.org/2000/svg\" viewBox=\"0 0 448 512\"><path d=\"M432 32a16 16 0 0 1 16 16v96a16 16 0 0 1-16 16h-32a16 16 0 0 1-16-16v-32H264v304h40a16 16 0 0 1 16 16v32a16 16 0 0 1-16 16H144a16 16 0 0 1-16-16v-32a16 16 0 0 1 16-16h40V112H64v32a16 16 0 0 1-16 16H16a16 16 0 0 1-16-16V48a16 16 0 0 1 16-16z\"/></svg>",
        "viewBox": [
          "0",
          "0",
          "448",
          "512"
        ],
        "width": 448,
        "height": 512,
        "path": "M432 32a16 16 0 0 1 16 16v96a16 16 0 0 1-16 16h-32a16 16 0 0 1-16-16v-32H264v304h40a16 16 0 0 1 16 16v32a16 16 0 0 1-16 16H144a16 16 0 0 1-16-16v-32a16 16 0 0 1 16-16h40V112H64v32a16 16 0 0 1-16 16H16a16 16 0 0 1-16-16V48a16 16 0 0 1 16-16z"
      }
    },
    "free": []
  },
  "times": {
    "changes": [
      "1",
      "5.0.0",
      "5.0.13",
      "5.11.0",
      "5.11.1"
    ],
    "ligatures": [],
    "search": {
      "terms": [
        "close",
        "cross",
        "error",
        "exit",
        "incorrect",
        "notice",
        "notification",
        "notify",
        "problem",
        "wrong",
        "x"
      ]
    },
    "styles": [
      "solid"
    ],
    "unicode": "f00d",
    "label": "Times",
    "voted": false,
    "svg": {
      "solid": {
        "last_modified": 1628277666000,
        "raw": "<svg xmlns=\"http://www.w3.org/2000/svg\" viewBox=\"0 0 352 512\"><path d=\"M242.72 256l100.07-100.07c12.28-12.28 12.28-32.19 0-44.48l-22.24-22.24c-12.28-12.28-32.19-12.28-44.48 0L176 189.28 75.93 89.21c-12.28-12.28-32.19-12.28-44.48 0L9.21 111.45c-12.28 12.28-12.28 32.19 0 44.48L109.28 256 9.21 356.07c-12.28 12.28-12.28 32.19 0 44.48l22.24 22.24c12.28 12.28 32.2 12.28 44.48 0L176 322.72l100.07 100.07c12.28 12.28 32.2 12.28 44.48 0l22.24-22.24c12.28-12.28 12.28-32.19 0-44.48L242.72 256z\"/></svg>",
        "viewBox": [
          "0",
          "0",
          "352",
          "512"
        ],
        "width": 352,
        "height": 512,
        "path": "M242.72 256l100.07-100.07c12.28-12.28 12.28-32.19 0-44.48l-22.24-22.24c-12.28-12.28-32.19-12.28-44.48 0L176 189.28 75.93 89.21c-12.28-12.28-32.19-12.28-44.48 0L9.21 111.45c-12.28 12.28-12.28 32.19 0 44.48L109.28 256 9.21 356.07c-12.28 12.28-12.28 32.19 0 44.48l22.24 22.24c12.28 12.28 32.2 12.28 44.48 0L176 322.72l100.07 100.07c12.28 12.28 32.2 12.28 44.48 0l22.24-22.24c12.28-12.28 12.28-32.19 0-44.48L242.72 256z"
      }
    },
    "free": [
      "solid"
    ]
  },
  "trash-alt": {
    "changes": [
      "5.0.0",
      "5.7.0",
      "5.10.2"
    ],
    "ligatures": [],
    "search": {
      "terms": [
        "delete",
        "garbage",
        "hide",
        "remove",
        "trash-o"
      ]
    },
    "styles": [
      "solid"
    ],
    "unicode": "f2ed",
    "label": "Alternate Trash",
    "voted": false,
    "svg": {
      "solid": {
        "last_modified": 1628277666000,
        "raw": "<svg xmlns=\"http://www.w3.org/2000/svg\" viewBox=\"0 0 448 512\"><path d=\"M32 464a48 48 0 0 0 48 48h288a48 48 0 0 0 48-48V128H32zm272-256a16 16 0 0 1 32 0v224a16 16 0 0 1-32 0zm-96 0a16 16 0 0 1 32 0v224a16 16 0 0 1-32 0zm-96 0a16 16 0 0 1 32 0v224a16 16 0 0 1-32 0zM432 32H312l-9.4-18.7A24 24 0 0 0 281.1 0H166.8a23.72 23.72 0 0 0-21.4 13.3L136 32H16A16 16 0 0 0 0 48v32a16 16 0 0 0 16 16h416a16 16 0 0 0 16-16V48a16 16 0 0 0-16-16z\"/></svg>",
        "viewBox": [
          "0",
          "0",
          "448",
          "512"
        ],
        "width": 448,
        "height": 512,
        "path": "M32 464a48 48 0 0 0 48 48h288a48 48 0 0 0 48-48V128H32zm272-256a16 16 0 0 1 32 0v224a16 16 0 0 1-32 0zm-96 0a16 16 0 0 1 32 0v224a16 16 0 0 1-32 0zm-96 0a16 16 0 0 1 32 0v224a16 16 0 0 1-32 0zM432 32H312l-9.4-18.7A24 24 0 0 0 281.1 0H166.8a23.72 23.72 0 0 0-21.4 13.3L136 32H16A16 16 0 0 0 0 48v32a16 16 0 0 0 16 16h416a16 16 0 0 0 16-16V48a16 16 0 0 0-16-16z"
      }
    },
    "free": [
      "solid",
      "regular"
    ]
  },
  "video": {
    "changes": [
      "1",
      "5.0.0",
      "5.0.9"
    ],
    "ligatures": [],
    "search": {
      "terms": [
        "camera",
        "film",
        "movie",
        "record",
        "video-camera"
      ]
    },
    "styles": [
      "solid"
    ],
    "unicode": "f03d",
    "label": "Video",
    "voted": false,
    "svg": {
      "solid": {
        "last_modified": 1628277666000,
        "raw": "<svg xmlns=\"http://www.w3.org/2000/svg\" viewBox=\"0 0 576 512\"><path d=\"M336.2 64H47.8C21.4 64 0 85.4 0 111.8v288.4C0 426.6 21.4 448 47.8 448h288.4c26.4 0 47.8-21.4 47.8-47.8V111.8c0-26.4-21.4-47.8-47.8-47.8zm189.4 37.7L416 177.3v157.4l109.6 75.5c21.2 14.6 50.4-.3 50.4-25.8V127.5c0-25.4-29.1-40.4-50.4-25.8z\"/></svg>",
        "viewBox": [
          "0",
          "0",
          "576",
          "512"
        ],
        "width": 576,
        "height": 512,
        "path": "M336.2 64H47.8C21.4 64 0 85.4 0 111.8v288.4C0 426.6 21.4 448 47.8 448h288.4c26.4 0 47.8-21.4 47.8-47.8V111.8c0-26.4-21.4-47.8-47.8-47.8zm189.4 37.7L416 177.3v157.4l109.6 75.5c21.2 14.6 50.4-.3 50.4-25.8V127.5c0-25.4-29.1-40.4-50.4-25.8z"
      }
    },
    "free": [
      "solid"
    ]
  },
  "volume": {
    "changes": [
      "5.3.0"
    ],
    "ligatures": [],
    "search": {
      "terms": [
        "audio",
        "control",
        "music",
        "sound",
        "speaker"
      ]
    },
    "styles": [
      "solid"
    ],
    "unicode": "f6a8",
    "label": "Volume",
    "voted": false,
    "svg": {
      "solid": {
        "last_modified": 1628277666000,
        "raw": "<svg xmlns=\"http://www.w3.org/2000/svg\" viewBox=\"0 0 480 512\"><path d=\"M215.03 71.05L126.06 160H24c-13.26 0-24 10.74-24 24v144c0 13.25 10.74 24 24 24h102.06l88.97 88.95c15.03 15.03 40.97 4.47 40.97-16.97V88.02c0-21.46-25.96-31.98-40.97-16.97zM480 256c0-63.53-32.06-121.94-85.77-156.24-11.19-7.14-26.03-3.82-33.12 7.46s-3.78 26.21 7.41 33.36C408.27 165.97 432 209.11 432 256s-23.73 90.03-63.48 115.42c-11.19 7.14-14.5 22.07-7.41 33.36 6.51 10.36 21.12 15.14 33.12 7.46C447.94 377.94 480 319.53 480 256zm-141.77-76.87c-11.58-6.33-26.19-2.16-32.61 9.45-6.39 11.61-2.16 26.2 9.45 32.61C327.98 228.28 336 241.63 336 256c0 14.38-8.02 27.72-20.92 34.81-11.61 6.41-15.84 21-9.45 32.61 6.43 11.66 21.05 15.8 32.61 9.45 28.23-15.55 45.77-45 45.77-76.88s-17.54-61.32-45.78-76.86z\"/></svg>",
        "viewBox": [
          "0",
          "0",
          "480",
          "512"
        ],
        "width": 480,
        "height": 512,
        "path": "M215.03 71.05L126.06 160H24c-13.26 0-24 10.74-24 24v144c0 13.25 10.74 24 24 24h102.06l88.97 88.95c15.03 15.03 40.97 4.47 40.97-16.97V88.02c0-21.46-25.96-31.98-40.97-16.97zM480 256c0-63.53-32.06-121.94-85.77-156.24-11.19-7.14-26.03-3.82-33.12 7.46s-3.78 26.21 7.41 33.36C408.27 165.97 432 209.11 432 256s-23.73 90.03-63.48 115.42c-11.19 7.14-14.5 22.07-7.41 33.36 6.51 10.36 21.12 15.14 33.12 7.46C447.94 377.94 480 319.53 480 256zm-141.77-76.87c-11.58-6.33-26.19-2.16-32.61 9.45-6.39 11.61-2.16 26.2 9.45 32.61C327.98 228.28 336 241.63 336 256c0 14.38-8.02 27.72-20.92 34.81-11.61 6.41-15.84 21-9.45 32.61 6.43 11.66 21.05 15.8 32.61 9.45 28.23-15.55 45.77-45 45.77-76.88s-17.54-61.32-45.78-76.86z"
      }
    },
    "free": []
  },
  "volume-down": {
    "changes": [
      "1",
      "5.0.0",
      "5.3.0"
    ],
    "ligatures": [],
    "search": {
      "terms": [
        "audio",
        "lower",
        "music",
        "quieter",
        "sound",
        "speaker"
      ]
    },
    "styles": [
      "solid"
    ],
    "unicode": "f027",
    "label": "Volume Down",
    "voted": false,
    "svg": {
      "solid": {
        "last_modified": 1628277666000,
        "raw": "<svg xmlns=\"http://www.w3.org/2000/svg\" viewBox=\"0 0 384 512\"><path d=\"M215.03 72.04L126.06 161H24c-13.26 0-24 10.74-24 24v144c0 13.25 10.74 24 24 24h102.06l88.97 88.95c15.03 15.03 40.97 4.47 40.97-16.97V89.02c0-21.47-25.96-31.98-40.97-16.98zm123.2 108.08c-11.58-6.33-26.19-2.16-32.61 9.45-6.39 11.61-2.16 26.2 9.45 32.61C327.98 229.28 336 242.62 336 257c0 14.38-8.02 27.72-20.92 34.81-11.61 6.41-15.84 21-9.45 32.61 6.43 11.66 21.05 15.8 32.61 9.45 28.23-15.55 45.77-45 45.77-76.88s-17.54-61.32-45.78-76.87z\"/></svg>",
        "viewBox": [
          "0",
          "0",
          "384",
          "512"
        ],
        "width": 384,
        "height": 512,
        "path": "M215.03 72.04L126.06 161H24c-13.26 0-24 10.74-24 24v144c0 13.25 10.74 24 24 24h102.06l88.97 88.95c15.03 15.03 40.97 4.47 40.97-16.97V89.02c0-21.47-25.96-31.98-40.97-16.98zm123.2 108.08c-11.58-6.33-26.19-2.16-32.61 9.45-6.39 11.61-2.16 26.2 9.45 32.61C327.98 229.28 336 242.62 336 257c0 14.38-8.02 27.72-20.92 34.81-11.61 6.41-15.84 21-9.45 32.61 6.43 11.66 21.05 15.8 32.61 9.45 28.23-15.55 45.77-45 45.77-76.88s-17.54-61.32-45.78-76.87z"
      }
    },
    "free": [
      "solid"
    ]
  },
  "volume-mute": {
    "changes": [
      "5.3.0"
    ],
    "ligatures": [],
    "search": {
      "terms": [
        "audio",
        "music",
        "quiet",
        "sound",
        "speaker"
      ]
    },
    "styles": [
      "solid"
    ],
    "unicode": "f6a9",
    "label": "Volume Mute",
    "voted": true,
    "svg": {
      "solid": {
        "last_modified": 1628277666000,
        "raw": "<svg xmlns=\"http://www.w3.org/2000/svg\" viewBox=\"0 0 512 512\"><path d=\"M215.03 71.05L126.06 160H24c-13.26 0-24 10.74-24 24v144c0 13.25 10.74 24 24 24h102.06l88.97 88.95c15.03 15.03 40.97 4.47 40.97-16.97V88.02c0-21.46-25.96-31.98-40.97-16.97zM461.64 256l45.64-45.64c6.3-6.3 6.3-16.52 0-22.82l-22.82-22.82c-6.3-6.3-16.52-6.3-22.82 0L416 210.36l-45.64-45.64c-6.3-6.3-16.52-6.3-22.82 0l-22.82 22.82c-6.3 6.3-6.3 16.52 0 22.82L370.36 256l-45.63 45.63c-6.3 6.3-6.3 16.52 0 22.82l22.82 22.82c6.3 6.3 16.52 6.3 22.82 0L416 301.64l45.64 45.64c6.3 6.3 16.52 6.3 22.82 0l22.82-22.82c6.3-6.3 6.3-16.52 0-22.82L461.64 256z\"/></svg>",
        "viewBox": [
          "0",
          "0",
          "512",
          "512"
        ],
        "width": 512,
        "height": 512,
        "path": "M215.03 71.05L126.06 160H24c-13.26 0-24 10.74-24 24v144c0 13.25 10.74 24 24 24h102.06l88.97 88.95c15.03 15.03 40.97 4.47 40.97-16.97V88.02c0-21.46-25.96-31.98-40.97-16.97zM461.64 256l45.64-45.64c6.3-6.3 6.3-16.52 0-22.82l-22.82-22.82c-6.3-6.3-16.52-6.3-22.82 0L416 210.36l-45.64-45.64c-6.3-6.3-16.52-6.3-22.82 0l-22.82 22.82c-6.3 6.3-6.3 16.52 0 22.82L370.36 256l-45.63 45.63c-6.3 6.3-6.3 16.52 0 22.82l22.82 22.82c6.3 6.3 16.52 6.3 22.82 0L416 301.64l45.64 45.64c6.3 6.3 16.52 6.3 22.82 0l22.82-22.82c6.3-6.3 6.3-16.52 0-22.82L461.64 256z"
      }
    },
    "free": [
      "solid"
    ]
  },
  "wrench": {
    "changes": [
      "2",
      "5.0.0",
      "5.0.13"
    ],
    "ligatures": [],
    "search": {
      "terms": [
        "construction",
        "fix",
        "mechanic",
        "plumbing",
        "settings",
        "spanner",
        "tool",
        "update"
      ]
    },
    "styles": [
      "solid"
    ],
    "unicode": "f0ad",
    "label": "Wrench",
    "voted": false,
    "svg": {
      "solid": {
        "last_modified": 1628277666000,
        "raw": "<svg xmlns=\"http://www.w3.org/2000/svg\" viewBox=\"0 0 512 512\"><path d=\"M507.73 109.1c-2.24-9.03-13.54-12.09-20.12-5.51l-74.36 74.36-67.88-11.31-11.31-67.88 74.36-74.36c6.62-6.62 3.43-17.9-5.66-20.16-47.38-11.74-99.55.91-136.58 37.93-39.64 39.64-50.55 97.1-34.05 147.2L18.74 402.76c-24.99 24.99-24.99 65.51 0 90.5 24.99 24.99 65.51 24.99 90.5 0l213.21-213.21c50.12 16.71 107.47 5.68 147.37-34.22 37.07-37.07 49.7-89.32 37.91-136.73zM64 472c-13.25 0-24-10.75-24-24 0-13.26 10.75-24 24-24s24 10.74 24 24c0 13.25-10.75 24-24 24z\"/></svg>",
        "viewBox": [
          "0",
          "0",
          "512",
          "512"
        ],
        "width": 512,
        "height": 512,
        "path": "M507.73 109.1c-2.24-9.03-13.54-12.09-20.12-5.51l-74.36 74.36-67.88-11.31-11.31-67.88 74.36-74.36c6.62-6.62 3.43-17.9-5.66-20.16-47.38-11.74-99.55.91-136.58 37.93-39.64 39.64-50.55 97.1-34.05 147.2L18.74 402.76c-24.99 24.99-24.99 65.51 0 90.5 24.99 24.99 65.51 24.99 90.5 0l213.21-213.21c50.12 16.71 107.47 5.68 147.37-34.22 37.07-37.07 49.7-89.32 37.91-136.73zM64 472c-13.25 0-24-10.75-24-24 0-13.26 10.75-24 24-24s24 10.74 24 24c0 13.25-10.75 24-24 24z"
      }
    },
    "free": [
      "solid"
    ]
  }
}